,antigen.epitope,antigen.species,count,pval,cluster,all_clust_count,enrichment_score
106,VLLSVLQQL,SARS-CoV-2,8,1.0909244023623966e-09,0,8,1.0
83,RPHERNGFTV,CMV,8,6.680120715572989e-06,0,8,1.0
27,KQLIKVTLV,SARS-CoV-2,2,0.0034248972268765827,1,2,1.0
25,KLFIRQEEV,SARS-CoV-2,3,0.0034248972268765827,1,3,1.0
51,RQLLFVVEV,SARS-CoV-2,3,3.433646425616523e-12,1,3,1.0
96,VLGSLAATV,SARS-CoV-2,37,1.4837151963957378e-28,2,37,1.0
38,PTDNYITTY,SARS-CoV-2,17,8.089676293112778e-09,3,36,0.4722222222222222
83,YVDDSSLTI,SARS-CoV-2,4,2.3804766656924968e-07,4,4,1.0
56,NPANNASIV,SARS-CoV-2,9,5.433272404943378e-06,4,9,1.0
51,MSQIMYNYPAMLGHA,M.tuberculosis,23,5.2868482546695e-07,4,23,1.0
21,LVQSTQWSL,SARS-CoV-2,1,0.0027768719628189853,5,1,1.0
28,TIVEVQPQL,SARS-CoV-2,2,6.018717217273935e-07,5,2,1.0
28,WPVTLACFV,SARS-CoV-2,21,0.0009940477350479466,6,23,0.9130434782608695
89,VPYFNMVYM,SARS-CoV-2,39,4.786722288259765e-07,7,40,0.975
7,GPGHKARVL,HIV-1,7,4.6311561563329365e-09,8,15,0.4666666666666667
40,TLLFLMSFT,SARS-CoV-2,2,1.412012190094471e-33,9,2,1.0
41,TPINLVRDL,SARS-CoV-2,2,2.073194337268623e-38,9,2,1.0
23,LPDDFTGCV,SARS-CoV-2,7,0.00017717607347966175,9,7,1.0
43,TSAMHTMLF,SARS-CoV-2,12,2.7294683336876754e-51,9,12,1.0
39,STSAFVETV,SARS-CoV-2,29,1.74557225415772e-26,9,29,1.0
7,KLPDDFTGCV,SARS-CoV-2,14,0.0025636429637426127,10,14,1.0
61,RTIKVFTTV,SARS-CoV-2,7,2.668279813100719e-10,11,7,1.0
30,TALALLLLD,SARS-CoV-2,2,1.0180126649070358e-18,12,3,0.6666666666666666
32,TPGPGVRYPL,HIV-1,18,1.2145309539622759e-08,13,34,0.5294117647058824
17,TAAQAAVVRFQEAAN,M.tuberculosis,10,0.00017617022656556952,14,10,1.0
14,RLNQLESKM,SARS-CoV-2,10,1.1651986523278543e-21,14,10,1.0
12,PKYVKQNTLKLAT,InfluenzaA,50,0.0012531985511306787,15,193,0.25906735751295334
23,LTDEMIAQY,SARS-CoV-2,22,2.470584395137232e-11,16,87,0.25287356321839083
58,PKYVKQNTLKLRT,InfluenzaA,5,0.002025993411780441,17,5,1.0
84,VLEETSVML,CMV,12,1.3417612039807346e-12,17,12,1.0
52,NLIDSYFVV,SARS-CoV-2,14,0.0001809674136632656,17,14,1.0
72,SLFNTVATL,HIV-1,25,2.3513959085803336e-06,17,25,1.0
42,TILTSLLVL,SARS-CoV-2,3,3.454695607082707e-25,18,3,1.0
41,STRQALRPRADGPVG,M.tuberculosis,6,6.28351083799236e-21,18,6,1.0
34,RLRPGGRKR,HIV-1,6,4.9067372791636534e-14,18,6,1.0
27,NYMPYFFTL,SARS-CoV-2,30,0.0022934323997452232,18,30,1.0
30,SVLYYQNNV,SARS-CoV-2,2,3.4288429881291734e-11,19,2,1.0
21,LLTNMFTPL,SARS-CoV-2,4,2.2174264350270387e-05,19,4,1.0
25,TFEYVSQPFLMDLE,SARS-CoV-2,20,9.275823790333146e-15,20,115,0.17391304347826086
14,RLNEVAKNL,SARS-CoV-2,10,6.601828903718122e-15,22,10,1.0
27,VLCNSQTSL,SARS-CoV-2,3,1.0629224367384956e-35,24,3,1.0
61,SANNCTFEY,SARS-CoV-2,13,1.3477282603486382e-08,26,13,1.0
75,VFLVLWPLV,SARS-CoV-2,16,1.3859406191560341e-19,26,16,1.0
76,VMAPRTLIL,CMV,29,2.4636116776927587e-09,26,29,1.0
2,KLASHMYCS,SARS-CoV-2,1,0.00011637379262206175,27,1,1.0
0,AMMFTSDLA,SARS-CoV-2,1,0.00023272727213715454,31,1,1.0
2,DRFYKTLRAEQASQEV,HIV-1,1,0.00023272727213715454,31,1,1.0
5,TFEYVSQPFLMDLE,SARS-CoV-2,15,2.910393140648278e-34,35,115,0.13043478260869565
6,GTSGSPIVNR,DENV1,6,0.00020449742688758986,37,106,0.05660377358490566
5,TPRVTGGGAM,CMV,3,8.747894728756133e-05,38,99,0.030303030303030304
1,LLFGYPVYV,HTLV-1,2,4.011917164218652e-05,39,33,0.06060606060606061
1,VFLVLLPLV,SARS-CoV-2,3,2.5970535157391147e-09,40,9,0.3333333333333333
9,SSPPMFRV,MCMV,6,7.748904736199034e-13,41,11,0.5454545454545454
1,GLIYNRMGAVTTEV,InfluenzaA,1,0.0025020365413477128,42,42,0.023809523809523808
3,SLTYSTAAL,SARS-CoV-2,1,0.00028479885200802685,44,1,1.0
6,LSFKELLVY,SARS-CoV-2,1,9.201083027167216e-17,47,1,1.0
7,TAFTIPSI,HIV-1,1,0.00023274758524035336,51,3,0.3333333333333333
0,AAFKRSCLK,MCPyV,1,0.0012210720854976237,53,2,0.5
4,LSLRNPILV,InfluenzaA,4,4.357053640539295e-10,57,12,0.3333333333333333
0,HSKKKCDEL,HCV,1,0.0006982427557311001,58,11,0.09090909090909091
2,NLVPMVATV,CMV,9,1.2854874988950619e-08,62,2278,0.003950834064969272
4,RAKFKQLL,EBV,8,1.3611379007412196e-05,65,508,0.015748031496062992
3,NLVPMVATV,CMV,8,6.447530141818373e-11,69,2278,0.003511852502194908
0,AAFKRSCLK,MCPyV,1,0.0024401569570927087,78,2,0.5
6,TALALLLLD,SARS-CoV-2,1,9.201083027167216e-17,85,3,0.3333333333333333
0,FLPGVYSVI,SARS-CoV-2,1,0.0008141901385093131,88,1,1.0
0,KLVALGINAV,HCV,2,6.083002739767218e-05,118,41,0.04878048780487805
0,NLLLQYGSFCTQLNRAL,SARS-CoV-2,2,4.4688836405352983e-07,134,10,0.2
1,NLLKDCPAV,SARS-CoV-2,1,0.00011637379262206175,142,1,1.0
2,KLVALGINAV,HCV,2,6.114245344492555e-06,144,41,0.04878048780487805
0,NLLLQYGSFCTQLNRAL,SARS-CoV-2,1,0.0006400558594090559,146,10,0.1
0,NYNYLYRLF,SARS-CoV-2,1,0.0022692889560973527,148,38,0.02631578947368421
