cdr3aa	Found_COVID-	nFound_COVID-	Found_COVID+	nFound_COVID+	odds_ratio	p_value
CALSEAQGGSEKLVF	5	327	60	618	6.349514563106796	1.7187754876277343e-06
CALSEETSGSRLTF	37	295	144	534	2.150015183723049	7.735632950420408e-05
CALSPYNTDKLIF	16	316	83	595	2.7550420168067227	0.00011397729348226979
CALSEASDYKLSF	3	329	34	644	5.7898550724637685	0.0005427852648789962
CAVNPDKLIF	5	327	41	637	4.209419152276295	0.0006342631773029511
CALSDQGGSEKLVF	44	288	150	528	1.859504132231405	0.000661627354710975
CALRDTDKLIF	5	327	40	638	4.100313479623824	0.0009678880694087527
CALKGGSEKLVF	13	319	65	613	2.6019575856443717	0.0010621574420436653
CATDAGTDKLIF	3	329	31	647	5.254507985574446	0.0013709689073572301
CAFMKTSGTYKYIF	3	329	32	646	5.432404540763674	0.0014149504033702108
CALSGNTDKLIF	18	314	77	601	2.234978739138473	0.001907666865468435
CAASRTDKLIF	7	325	44	634	3.2221721496169446	0.0020427438603084097
CATVTGTASKLTF	6	326	41	637	3.4971219256933543	0.002177705419818596
CVVRADSWGKLQF	4	328	33	645	4.195348837209302	0.0022962926141427056
CAVESGSRLTF	1	331	21	657	10.579908675799087	0.0023352008664903573
CAGVRGSTLGRLYF	22	310	87	591	2.074296262113521	0.002443523033865607
CALSEAGGYQKVTF	9	323	50	628	2.8573956121726822	0.002475570721457542
CALLTQGGSEKLVF	16	316	71	607	2.3101317957166394	0.0026383225753567256
CALSVSGSARQLTF	7	325	43	635	3.143982002249719	0.003010419715841488
CALSEARTNAGKSTF	6	326	39	639	3.316118935837246	0.0032506885165681423
CAGQLYGGSQGNLIF	22	310	86	592	2.046990171990172	0.0032896989322695933
CALTGFGNVLHC	6	326	40	638	3.406478578892372	0.0033245864620620406
CALDTGFQKLVF	3	329	29	649	4.900359527478171	0.0033995539073337303
CALSGPQGGSEKLVF	3	329	28	650	4.724102564102564	0.003422182874027823
CILRGGSEKLVF	1	331	20	658	10.060790273556231	0.003830600552362857
CALSPSGSARQLTF	21	311	82	596	2.037551933525088	0.003934909395481742
CALRAQGGSEKLVF	8	324	45	633	2.8791469194312795	0.004000706372453153
CALSEARNTDKLIF	8	324	45	633	2.8791469194312795	0.004000706372453153
CAGQNYGGSQGNLIF	80	252	223	455	1.5438461538461539	0.004344003761532827
CALSEGETSGSRLTF	22	310	84	594	1.992653810835629	0.004444499205409458
CALRDTGFQKLVF	2	330	24	654	6.055045871559633	0.004865123449771554
CRNAGNMLTF	2	330	23	655	5.793893129770993	0.004899586156020262
CALRGRVNRKLTF	3	329	27	651	4.548387096774194	0.00521833093748463
CALSQGGSEKLVF	36	296	120	558	1.7682198327359617	0.005278782328134432
CATVSGSARQLTF	20	312	77	601	1.9986688851913477	0.006299022879138583
CARDSGTYKYIF	1	331	19	659	9.543247344461305	0.006448910808244757
CAFGAYSGGSNYKLTF	1	331	18	660	9.027272727272727	0.006463087462477348
CAFGEYGNKLVF	1	331	18	660	9.027272727272727	0.006463087462477348
CALSEAGTYKYIF	10	322	50	628	2.5636942675159236	0.006564309317321986
CALSENTDKLIF	6	326	36	642	3.046728971962617	0.0071664551056806886
CADNAGNNRKLIW	6	326	37	641	3.136245449817993	0.007183460446135937
CALSEAGGFGNVLHC	9	323	46	632	2.6121659634317864	0.007370884210533465
CAVRDVKAAGNKLTF	2	330	22	656	5.533536585365853	0.007602112891098963
CALSGLIKAAGNKLTF	2	330	22	656	5.533536585365853	0.007602112891098963
CATGGNKLVF	2	330	22	656	5.533536585365853	0.007602112891098963
CAVDDRVNRKLTF	4	328	29	649	3.6640986132511557	0.00807028556264869
CAVGATDGQKLLF	3	329	26	652	4.37321063394683	0.008093067809698137
CALSEASGANSKLTF	3	329	26	652	4.37321063394683	0.008093067809698137
CAGSSHTGGFKTIF	3	329	26	652	4.37321063394683	0.008093067809698137
CALSERGFGNVLHC	20	312	76	602	1.9694352159468438	0.00839328847854659
CALNAGNNRKLIW	49	283	148	530	1.6127839815171352	0.00865296198026064
CALSPIIQGAQKLVF	7	325	39	639	2.833668678739101	0.009421933771721229
CATDVGSGTGKLIF	1	331	17	661	8.51285930408472	0.010312865488498586
CALSEATGTASKLTF	6	326	35	643	2.957490927941939	0.010392620253479364
CAVRSQGGSEKLVF	22	310	80	598	1.8850714502888415	0.010396275769529381
CAVSRETSGSRLTF	28	304	95	583	1.7691742220044107	0.010450736742945815
CILLTQGGSEKLVF	9	323	45	633	2.551342812006319	0.010622856413357081
CAVGVNTDKLIF	11	321	50	628	2.323393167342212	0.01095504757775562
CALRGTSGTYKYIF	5	327	31	647	3.1335394126738794	0.011490118169178965
CAVEDRGGNTPLVF	2	330	21	657	5.273972602739726	0.012026878148919149
CAVRDGGTNAGKSTF	2	330	21	657	5.273972602739726	0.012026878148919149
CALSFSSGSARQLTF	2	330	21	657	5.273972602739726	0.012026878148919149
CAVTGGNTPLVF	4	328	28	650	3.5323076923076924	0.012084353027041674
CAVGALNQGGKLIF	3	329	24	654	4.0244648318042815	0.01252351047279691
CALSDAGNNRKLIW	3	329	24	654	4.0244648318042815	0.01252351047279691
CAYRPTQGGSEKLVF	3	329	24	654	4.0244648318042815	0.01252351047279691
CALRGNTDKLIF	16	316	64	614	2.0586319218241043	0.012608608713124532
CALSEAGGGGNKLTF	3	329	25	653	4.198570699336396	0.012729445093484261
CATGTQGGSEKLVF	10	322	46	632	2.3436708860759494	0.012775714289946886
CAVTNAGNNRKLIW	14	318	58	620	2.124884792626728	0.012893737239439894
CALIQGGSEKLVF	14	318	58	620	2.124884792626728	0.012893737239439894
CATDRGSARQLTF	7	325	38	640	2.7566964285714284	0.013849205546283138
CALSGRGGSEKLVF	9	323	43	635	2.430271216097988	0.01470729764296552
CALSGGSARQLTF	15	317	60	618	2.0517799352750807	0.01475816104154434
CALSGETSGSRLTF	20	312	73	605	1.882314049586777	0.01476003999988685
CALRSSGSARQLTF	13	319	54	624	2.1235207100591715	0.015143765546731617
CALRDTGANSKLTF	6	326	34	644	2.868530020703934	0.015210209335640781
CALSEASNTGKLIF	11	321	48	630	2.2233766233766232	0.015284819835222216
CALRETSGSRLTF	47	285	139	539	1.5637705759286307	0.015449264154375895
CALSEAGGNNRLAF	18	314	67	611	1.9128932533187852	0.015856444204580183
CAGTSGSRLTF	27	305	91	587	1.7512145876711465	0.016135978728261557
CAVSGSNTGGFKTIF	1	331	16	662	8.0	0.01686154670026268
CALSGGDSNYQLIW	8	324	40	638	2.5391849529780566	0.017186495941922078
CALSEDTGRRALTF	12	320	50	628	2.1231422505307855	0.01796226265931668
CALSEAYSGGGADGLTF	12	320	50	628	2.1231422505307855	0.01796226265931668
CILRALGGSQGNLIF	4	328	27	651	3.4009216589861753	0.018300977682991375
CATDGYGNKLVF	4	328	27	651	3.4009216589861753	0.018300977682991375
CAESSTSGTYKYIF	4	328	26	652	3.2699386503067487	0.01838653059303216
CATVSYNTDKLIF	4	328	26	652	3.2699386503067487	0.01838653059303216
CAGQDTGGFKTIF	3	329	23	655	3.8508905852417303	0.018970464293392587
CATGSGANSKLTF	3	329	23	655	3.8508905852417303	0.018970464293392587
CIVRVARNTGNQFYF	2	330	19	659	4.757207890743551	0.01904496059913613
CAVDGARLMF	2	330	19	659	4.757207890743551	0.01904496059913613
CVVNPADRGSTLGRLYF	2	330	19	659	4.757207890743551	0.01904496059913613
CALTGTSGSRLTF	2	330	20	658	5.015197568389058	0.01933878138399413
CAFSGSRLTF	2	330	20	658	5.015197568389058	0.01933878138399413
CATVNTDKLIF	2	330	20	658	5.015197568389058	0.01933878138399413
CAVDITGTASKLTF	7	325	36	642	2.6034712950600802	0.019346104265232318
CALSEDQGAQKLVF	7	325	36	642	2.6034712950600802	0.019346104265232318
CALSTDKLIF	7	325	36	642	2.6034712950600802	0.019346104265232318
CALSEEETSGSRLTF	15	317	58	620	1.976989247311828	0.01983540909827027
CAVGKETSGSRLTF	13	319	53	625	2.0808615384615385	0.020612076550433192
CAVDNAGNNRKLIW	9	323	41	637	2.309959881388453	0.020685401500106924
CALSNAGNNRKLIW	11	321	47	631	2.1736061086298806	0.020890823270802487
CALRGGSEKLVF	18	314	66	612	1.881263616557734	0.020891992911904862
CAVRGRETSGSRLTF	6	326	32	646	2.691434468524252	0.021917384903944515
CALGYNTDKLIF	6	326	32	646	2.691434468524252	0.021917384903944515
CATDARNTDKLIF	6	326	32	646	2.691434468524252	0.021917384903944515
CALSAYSGGGADGLTF	6	326	32	646	2.691434468524252	0.021917384903944515
CATDGGGSEKLVF	6	326	33	645	2.77984496124031	0.022397475832333494
CALSDLTSGTYKYIF	8	324	38	640	2.4046875	0.023823627644027685
CAVRDAGNNRKLIW	12	320	49	629	2.077371489136195	0.02425279273988539
CAVRL*ETSGSRLTF	5	327	29	649	2.9223420647149463	0.024582869278281055
CALSSSGTYKYIF	10	322	44	634	2.234700315457413	0.024625829440532664
CAVEDNTDKLIF	43	289	126	552	1.5341253791708798	0.024939171031215325
CAGRDGSSNTGKLIF	4	328	25	653	3.139356814701378	0.02694321287656726
CILYNTNAGKSTF	4	328	25	653	3.139356814701378	0.02694321287656726
CVVNDDMRF	4	328	25	653	3.139356814701378	0.02694321287656726
CAESRSGTYKYIF	4	328	25	653	3.139356814701378	0.02694321287656726
CALKYGNKLVF	4	328	25	653	3.139356814701378	0.02694321287656726
CALIRTSGTYKYIF	4	328	25	653	3.139356814701378	0.02694321287656726
CALSDREYGNKLVF	4	328	25	653	3.139356814701378	0.02694321287656726
CATDTDKLIF	7	325	34	644	2.451197870452529	0.027541144598001152
CALSRSGAGSYQLTF	7	325	34	644	2.451197870452529	0.027541144598001152
CAVIGTDKLIF	7	325	34	644	2.451197870452529	0.027541144598001152
CAVRDGYSSASKIIF	7	325	34	644	2.451197870452529	0.027541144598001152
CAVRDSSGGSYIPTF	18	314	64	614	1.8183134274339485	0.02760255962928521
CAVVYNTDKLIF	21	311	72	606	1.7595473833097595	0.02766626013163246
CATDSTSGTYKYIF	7	325	35	643	2.527216174183515	0.027835800580170725
CALEEYGNKLVF	7	325	35	643	2.527216174183515	0.027835800580170725
CALSGTQGGSEKLVF	7	325	35	643	2.527216174183515	0.027835800580170725
CALSGNNDMRF	13	319	52	626	2.038338658146965	0.028106295380541123
CALSEAGETSGSRLTF	9	323	40	638	2.2500870776732844	0.02858357195337123
CAPHNDYKLSF	3	329	22	656	3.6778455284552845	0.02909034840909646
CAVTHSGSARQLTF	3	329	22	656	3.6778455284552845	0.02909034840909646
CVVSRYNTDKLIF	3	329	22	656	3.6778455284552845	0.02909034840909646
CALSDLSGSARQLTF	3	329	22	656	3.6778455284552845	0.02909034840909646
CAAI*ETSGSRLTF	3	329	22	656	3.6778455284552845	0.02909034840909646
CALLDSGAGSYQLTF	2	330	18	660	4.5	0.029380805998220794
CAVLSQGGSEKLVF	6	326	31	647	2.603297269448738	0.03141395109681214
CALSEADNQGGKLIF	6	326	31	647	2.603297269448738	0.03141395109681214
CALSGGGSEKLVF	6	326	31	647	2.603297269448738	0.03141395109681214
CALSEARAAGNKLTF	23	309	76	602	1.696085512061245	0.032440816313529706
CALSEAGNTDKLIF	8	324	36	642	2.2710280373831777	0.03350694690137653
CAGAYNTDKLIF	15	317	56	622	1.9026795284030011	0.035280860653979965
CAGQLDNNARLMF	5	327	27	651	2.712442396313364	0.03565253021391831
CALRDARLMF	5	327	27	651	2.712442396313364	0.03565253021391831
CAPRGGSARQLTF	5	327	27	651	2.712442396313364	0.03565253021391831
CAGPPYNTDKLIF	5	327	27	651	2.712442396313364	0.03565253021391831
CAATLKTSYDKVIF	5	327	27	651	2.712442396313364	0.03565253021391831
CAVSDKLIF	5	327	27	651	2.712442396313364	0.03565253021391831
CAMREGTQGGSEKLVF	5	327	27	651	2.712442396313364	0.03565253021391831
CILLYSGGGADGLTF	5	327	28	650	2.817230769230769	0.03632456142127655
CALTPISSGSARQLTF	5	327	28	650	2.817230769230769	0.03632456142127655
CAITQGGSEKLVF	13	319	50	628	1.9536991670749633	0.03716882553035538
CALSETSGSRLTF	25	307	81	597	1.6661306532663316	0.037381703418759696
CAVRVFSDGQKLLF	7	325	33	645	2.3754152823920265	0.03865435672226504
CAFMNSGGYQKVTF	7	325	33	645	2.3754152823920265	0.03865435672226504
CALSSDSNYQLIW	7	325	33	645	2.3754152823920265	0.03865435672226504
CAVRPNAGNNRKLIW	7	325	33	645	2.3754152823920265	0.03865435672226504
CALSATSGTYKYIF	11	321	44	634	2.0252365930599368	0.038742141526034606
CALSTQGGSEKLVF	16	316	58	620	1.8475806451612904	0.039000874463014375
CALSEDSSYKLIF	9	323	39	639	2.190401669274909	0.039627513195914274
CALSEARGYSTLTF	9	323	39	639	2.190401669274909	0.039627513195914274
CALSEANTNAGKSTF	9	323	39	639	2.190401669274909	0.039627513195914274
CALSDRGTDKLIF	9	323	39	639	2.190401669274909	0.039627513195914274
CAFQDSNYQLIW	4	328	24	654	3.0091743119266057	0.03985060592274566
CALSVNARLMF	4	328	24	654	3.0091743119266057	0.03985060592274566
CATDGQGGSEKLVF	4	328	24	654	3.0091743119266057	0.03985060592274566
CAVVHNTDKLIF	4	328	24	654	3.0091743119266057	0.03985060592274566
CAFMKHGETSGSRLTF	4	328	24	654	3.0091743119266057	0.03985060592274566
CALSEGGSARQLTF	4	328	24	654	3.0091743119266057	0.03985060592274566
CAMSGEYGNKLVF	4	328	24	654	3.0091743119266057	0.03985060592274566
CAFTQGGSEKLVF	14	318	52	626	1.886809675947056	0.04159807213022708
CAAPISSGSARQLTF	20	312	67	611	1.7106382978723405	0.04246148782987649
CAVSGSNDMRF	3	329	20	658	3.3333333333333335	0.043456457839680496
CAGQLFKAAGNKLTF	3	329	20	658	3.3333333333333335	0.043456457839680496
CAGAEGGGADGLTF	3	329	20	658	3.3333333333333335	0.043456457839680496
CAGVMYSGGGADGLTF	3	329	20	658	3.3333333333333335	0.043456457839680496
CVVIPDTGRRALTF	3	329	20	658	3.3333333333333335	0.043456457839680496
CAYRSDNAGNMLTF	3	329	20	658	3.3333333333333335	0.043456457839680496
CAYRSLYRVNRKLTF	3	329	20	658	3.3333333333333335	0.043456457839680496
CVLSGTYKYIF	3	329	20	658	3.3333333333333335	0.043456457839680496
CAVQASQGGSEKLVF	3	329	20	658	3.3333333333333335	0.043456457839680496
CATDAGNNRKLIW	3	329	20	658	3.3333333333333335	0.043456457839680496
CALSEPNTNAGKSTF	3	329	20	658	3.3333333333333335	0.043456457839680496
CLVGLYNTDKLIF	3	329	20	658	3.3333333333333335	0.043456457839680496
CAVPPQGGSEKLVF	12	320	46	632	1.9409282700421941	0.044051424164267154
CAPRYNNNDMRF	6	326	29	649	2.4278376990241397	0.0448607249415443
CAAQNSGGYQKVTF	6	326	29	649	2.4278376990241397	0.0448607249415443
CAGDQGGSEKLVF	6	326	29	649	2.4278376990241397	0.0448607249415443
CAMSEGGSEKLVF	6	326	29	649	2.4278376990241397	0.0448607249415443
CALKNTDKLIF	6	326	29	649	2.4278376990241397	0.0448607249415443
CAAGGARLMF	3	329	21	657	3.5053272450532726	0.04494071483533389
CVVTPGGGNKLTF	3	329	21	657	3.5053272450532726	0.04494071483533389
CAEASGYSTLTF	3	329	21	657	3.5053272450532726	0.04494071483533389
CAVGVETSGSRLTF	3	329	21	657	3.5053272450532726	0.04494071483533389
CALSERGGGADGLTF	3	329	21	657	3.5053272450532726	0.04494071483533389
CALIPNYGGSQGNLIF	3	329	21	657	3.5053272450532726	0.04494071483533389
CALSAYTGANSKLTF	3	329	21	657	3.5053272450532726	0.04494071483533389
CAVDAQGGSEKLVF	3	329	21	657	3.5053272450532726	0.04494071483533389
CADYNNNDMRF	6	326	30	648	2.515432098765432	0.04521616221653005
CATDARGNKLVF	6	326	30	648	2.515432098765432	0.04521616221653005
CALLQGGSEKLVF	10	322	41	637	2.0725274725274727	0.04584146540346118
CALLNTGTASKLTF	21	311	70	608	1.7050438596491229	0.04610136260411053
CALSDPGANSKLTF	15	317	54	624	1.8288461538461538	0.046109913963944496
CAVRGLYNQGGKLIF	8	324	35	643	2.204510108864697	0.04618676237124311
CAVGGGSARQLTF	18	314	62	616	1.7557720057720059	0.04662774642597787
CALSEAGANSKLTF	22	310	72	606	1.6741674167416742	0.04940628041341576
CALITGANSKLTF	13	319	49	629	1.911581264522441	0.049787523794818864
