,run,cluster_0,cluster_1,cluster_2,cluster_3,cluster_4,cluster_5,cluster_6,cluster_7,cluster_8,cluster_9,cluster_10,cluster_11,cluster_12,cluster_13,cluster_14,cluster_15,cluster_16
0,020000010808_S3_L001,65,0,0,47,16,6,0,1,3,0,0,0,0,0,0,0,0
1,020003890808_S67_L001,203,0,31,86,170,13,1,0,1,1,3,0,1,0,0,0,0
2,050002090808_S74_L001,200,0,2,36,109,30,1,1,0,0,0,1,0,1,0,0,0
3,270000870808_S37_L001,68,2,0,45,85,7,1,0,2,0,3,0,0,1,0,0,0
4,020000360808_S102_L002,226,0,21,164,186,20,0,0,6,1,4,1,1,3,0,0,0
5,050000200808_S157_L002,243,0,12,41,174,21,1,0,1,2,0,0,0,0,0,0,0
6,330001070808_S180_L002,115,0,30,27,128,25,4,0,4,1,2,0,0,1,0,0,0
7,500000530808_S147_L002,49,0,4,20,49,8,1,0,1,0,1,0,0,0,1,0,0
8,020000700808_S134_L002,436,0,33,174,306,47,7,1,5,2,5,1,0,2,0,0,0
9,050002020808_S115_L002,130,0,3,41,94,17,2,0,2,0,3,0,2,0,0,0,0
10,440000790808_S68_L001,83,1,3,105,79,10,1,0,1,0,2,0,0,0,0,0,0
11,540003270808_S65_L001,171,0,10,71,110,16,1,0,0,0,3,1,0,0,0,0,0
12,330000950808_S132_L002,206,0,2,99,206,20,1,0,2,1,13,2,0,1,0,0,0
13,270000050808_S111_L002,183,0,1,105,97,6,0,1,3,1,5,0,0,0,0,0,0
14,330000410808_S109_L002,111,0,10,65,151,21,0,0,2,0,2,0,1,1,0,0,0
15,340002510808_S180_L002,155,0,1,48,112,9,3,1,1,1,3,0,0,2,0,0,1
16,690002080808_S58_L001,215,0,19,23,41,4,7,0,2,0,2,1,0,0,0,0,0
17,540002570808_S121_L002,139,0,0,43,41,14,2,0,5,1,3,0,0,0,0,0,1
18,690001140808_S97_L002,56,0,1,8,62,10,0,0,1,0,2,0,0,0,0,0,0
19,330001280808_S92_L001,41,0,10,106,100,16,0,0,1,3,2,0,0,1,2,0,3
20,500001270808_S163_L002,112,0,10,83,94,7,1,2,0,1,1,1,1,0,0,0,0
21,330002060808_S122_L002,130,0,0,66,81,3,2,0,1,1,5,0,0,0,0,0,0
22,050001330808_S153_L002,91,1,9,51,68,19,1,0,0,0,0,0,0,2,0,0,0
23,690000090808_S154_L002,168,0,2,95,173,8,0,1,3,0,2,0,0,0,0,0,0
24,440000040808_S191_L002,174,0,31,62,190,12,0,2,4,0,4,1,1,1,0,0,0
25,540002830808_S9_L001,273,1,13,52,121,10,3,0,2,6,0,0,0,1,2,0,0
26,050000810808_S66_L001,228,0,6,96,63,11,0,1,2,2,3,1,0,0,0,0,0
27,270000140808_S174_L002,158,1,12,53,218,16,0,0,2,0,5,1,1,0,0,0,0
28,540002650808_S169_L002,269,1,12,121,200,21,3,0,2,3,6,2,1,1,0,0,0
29,020000190808_S27_L001,463,1,21,84,258,41,7,0,1,3,3,0,2,0,0,0,0
30,050002130808_S46_L001,31,0,0,18,22,0,0,1,0,0,1,0,0,0,0,0,0
31,360001440808_S141_L002,146,1,9,113,97,5,2,0,0,0,2,0,0,0,0,0,0
32,360001380808_S173_L002,200,1,11,57,55,16,0,0,2,0,0,1,0,1,0,0,0
33,240101640808_S135_L002,340,1,4,206,129,26,0,0,1,3,3,1,1,1,1,1,1
34,460001200808_S176_L002,103,0,0,97,128,20,2,1,2,1,4,0,1,0,0,0,1
35,500001010808_S178_L002,295,1,2,109,179,22,1,0,3,1,3,0,0,0,0,0,0
36,300000710808_S124_L002,318,0,4,121,148,42,2,1,4,3,2,0,1,2,1,0,0
37,370000570808_S110_L002,81,0,2,72,106,16,3,0,2,1,2,0,1,1,1,0,0
38,460001010808_S167_L002,110,1,10,80,121,31,2,0,2,0,2,0,0,1,0,0,0
39,410004360808_S119_L002,189,0,13,32,92,13,1,0,0,0,2,2,0,0,0,0,0
40,050000230808_S160_L002,192,0,14,60,76,11,5,2,4,1,2,2,0,1,0,0,2
41,020003900808_S43_L001,82,0,3,49,118,13,3,1,3,1,5,0,0,2,1,0,0
42,050002030808_S38_L001,0,0,0,20,38,0,0,0,0,0,1,0,0,0,0,0,0
43,500000570808_S42_L001,110,1,2,70,72,33,2,0,2,0,3,0,0,0,0,0,0
44,340002530808_S172_L002,198,0,10,45,54,11,0,0,3,2,2,1,1,0,1,0,1
45,330001080808_S148_L002,257,0,9,126,225,22,3,0,4,2,4,0,0,0,1,0,0
46,270001070808_S158_L002,172,1,10,77,186,10,3,0,4,1,2,0,0,0,0,0,0
47,540002870808_S17_L001,103,0,0,47,79,11,3,0,0,1,1,1,1,1,0,2,0
48,020000390808_S189_L002,340,0,17,115,174,15,7,1,1,0,1,0,1,1,0,1,0
49,020003020808_S91_L001,206,0,10,149,202,19,7,0,3,0,2,0,1,1,1,0,1
50,050001720808_S75_L001,116,1,10,21,50,10,9,0,4,0,2,1,1,0,0,0,0
51,540003340808_S73_L001,118,0,12,106,61,19,0,2,0,2,4,0,0,1,1,1,0
52,330000960808_S141_L002,202,0,11,101,163,24,3,1,1,3,2,0,0,1,0,0,0
53,400000290808_S134_L002,253,0,15,109,341,35,2,0,4,2,3,1,1,0,1,0,0
54,330001710808_S177_L002,154,0,2,47,145,23,0,0,0,1,0,2,2,0,0,0,0
55,330000580808_S125_L002,213,1,20,51,156,16,0,0,4,1,2,0,1,0,0,0,0
56,500001140808_S71_L001,15,0,0,10,14,9,0,0,1,0,0,1,0,0,0,0,0
57,330002090808_S89_L001,174,0,3,144,78,6,6,0,4,1,1,0,0,1,1,1,2
58,050000970808_S55_L001,155,1,1,116,128,15,4,0,2,0,4,0,0,0,0,0,0
59,690001370808_S32_L001,80,0,2,8,62,3,0,0,1,0,4,0,0,0,0,0,0
60,020000110808_S14_L001,364,0,0,84,154,19,3,0,2,2,6,0,1,1,2,0,0
61,270000060808_S119_L002,91,1,20,50,30,10,0,0,3,1,4,1,0,1,0,0,0
62,440000310808_S151_L002,430,3,17,161,326,24,13,3,5,2,6,0,0,1,0,0,1
63,540002660808_S177_L002,59,0,0,49,39,10,0,0,2,0,4,0,0,0,0,0,0
64,440000860808_S47_L001,8,0,0,2,5,1,0,0,7,0,7,0,0,0,0,0,0
65,360001390808_S117_L002,120,0,1,36,84,18,0,0,2,2,1,0,0,0,0,0,0
66,690000120808_S50_L001,250,0,3,70,127,11,0,0,3,1,2,2,0,2,0,0,0
67,460001480808_S151_L002,335,0,4,122,210,31,2,1,0,2,5,0,0,1,0,0,0
68,460001030808_S152_L002,83,0,0,49,76,4,0,1,0,1,0,0,0,0,0,0,0
69,500001360808_S131_L002,169,1,2,19,34,17,3,0,2,1,2,0,0,0,0,0,1
70,540002580808_S129_L002,475,0,5,135,362,53,5,0,5,2,4,2,2,3,1,1,0
71,370000580808_S118_L002,61,0,0,56,131,12,0,1,0,0,0,0,0,0,1,0,0
72,330001110808_S156_L002,157,0,11,56,82,30,0,0,2,1,3,0,0,2,0,0,0
73,360001560808_S165_L002,149,0,15,79,92,24,3,2,3,1,4,2,0,1,4,0,0
74,270000010808_S182_L002,34,0,0,45,34,4,0,0,3,1,4,0,0,0,0,0,0
75,020000200808_S181_L002,246,0,0,108,125,26,0,0,5,0,2,0,2,0,2,1,0
76,440000960808_S80_L001,174,0,13,54,55,5,1,2,3,1,1,0,0,0,0,0,1
77,270000190808_S52_L001,145,0,18,60,98,11,0,0,0,0,2,0,0,0,1,0,0
78,540002980808_S25_L001,46,0,0,3,19,1,0,0,1,0,0,0,0,0,0,0,0
79,340002540808_S188_L002,196,0,20,58,65,14,0,0,2,2,2,0,0,0,0,1,2
80,050000240808_S85_L001,334,2,12,96,118,31,7,1,3,1,3,0,0,0,0,0,0
81,330000980808_S188_L002,148,0,4,63,82,9,0,2,2,1,3,2,0,1,0,0,0
82,300000920808_S132_L002,91,0,0,75,173,13,0,1,7,1,8,0,1,3,0,0,1
83,050002070808_S58_L001,268,1,14,109,165,22,7,1,0,0,2,0,0,1,0,0,0
84,270001050808_S23_L001,197,0,19,91,96,20,4,1,6,1,4,0,0,1,0,0,0
85,050000990808_S40_L001,120,1,10,96,81,12,0,0,0,1,1,0,1,0,0,0,0
86,440000110808_S120_L002,194,0,9,57,163,17,1,2,9,0,7,0,0,1,1,0,0
87,020004000808_S83_L001,151,1,1,94,144,19,0,1,4,0,1,3,0,1,1,0,1
88,690001620808_S40_L001,61,0,10,57,139,15,2,0,0,0,1,0,0,1,2,0,1
89,500000580808_S93_L001,175,0,1,54,114,5,0,0,1,0,1,0,1,0,0,0,0
90,330001730808_S178_L002,302,0,12,75,193,15,2,1,1,5,4,0,0,2,0,0,0
91,270001180808_S76_L001,333,0,0,50,127,12,0,0,3,1,4,0,0,1,2,1,1
92,050001870808_S147_L002,139,1,29,47,82,7,0,1,0,0,2,0,0,0,0,1,0
93,020000420808_S51_L001,507,0,40,141,365,46,3,1,5,0,2,1,3,0,0,0,3
94,540003460808_S81_L001,245,0,11,100,271,28,9,0,3,2,1,2,0,1,1,0,0
95,330000670808_S24_L001,86,1,11,91,59,14,6,1,2,1,5,0,0,0,0,0,0
96,020003060808_S142_L002,310,1,12,99,203,19,3,0,2,0,4,0,0,1,1,1,0
97,330002360808_S154_L002,137,0,10,38,77,6,0,3,1,2,0,1,0,1,0,0,1
98,500001220808_S123_L002,156,1,6,92,177,22,1,0,2,6,4,0,0,0,0,0,0
99,020000710808_S15_L001,87,1,0,63,79,9,1,0,3,0,0,0,2,0,0,0,0
100,540002670808_S185_L002,253,0,2,56,68,21,1,1,3,2,2,0,0,1,0,0,1
101,330001030808_S86_L001,158,1,11,79,78,20,0,1,2,1,1,0,1,0,0,0,0
102,360001400808_S125_L002,127,0,4,84,147,26,1,0,1,0,4,1,1,1,0,0,0
103,460001930808_S184_L002,147,0,3,70,113,18,0,1,1,5,5,2,0,0,0,0,0
104,400000310808_S142_L002,305,0,11,179,243,42,1,0,2,3,5,1,2,0,0,0,0
105,540002590808_S137_L002,100,0,1,27,81,8,2,0,0,0,1,0,0,0,0,0,0
106,440001090808_S88_L001,179,0,0,15,35,3,0,0,0,0,1,0,0,0,0,0,0
107,330001250808_S56_L001,69,0,12,103,162,19,4,0,1,1,2,2,0,1,0,0,1
108,690001050808_S122_L002,137,0,2,85,105,1,0,0,3,0,1,0,0,0,0,0,0
109,500001380808_S187_L002,96,0,18,28,59,7,0,0,1,0,1,0,0,0,0,0,0
110,020000280808_S59_L001,98,1,1,57,65,18,0,0,2,1,0,0,0,1,0,0,1
111,400000130808_S158_L002,128,0,10,116,271,25,0,0,1,0,1,0,1,0,0,2,0
112,540003020808_S33_L001,88,0,4,37,74,12,1,0,1,0,2,1,0,1,1,0,0
113,460001050808_S175_L002,197,0,3,71,210,15,2,1,1,0,0,2,1,2,0,1,0
114,360001680808_S149_L002,165,2,19,101,109,21,0,0,4,0,4,1,0,0,1,0,2
115,440000490808_S23_L001,462,1,19,72,258,24,1,1,7,3,8,0,3,0,1,1,2
116,270000200808_S44_L001,55,0,0,31,37,1,0,0,2,1,0,0,0,1,0,0,0
117,340002950808_S156_L002,197,0,19,47,108,21,6,0,2,0,0,2,0,2,0,0,0
118,330001780808_S170_L002,120,0,10,33,28,12,0,1,1,0,1,0,0,0,0,0,0
119,020000640808_S117_L002,23,0,0,0,5,0,0,0,0,0,2,0,0,0,0,0,0
120,020004070808_S4_L001,45,0,18,26,48,9,0,1,0,0,1,0,0,0,0,0,0
121,270000020808_S12_L001,146,0,20,40,130,11,1,1,2,1,8,0,0,0,1,0,0
122,050001030808_S28_L001,227,0,20,119,151,27,0,0,1,1,3,0,0,1,1,0,0
123,270000070808_S20_L001,174,0,16,153,386,24,3,0,10,2,9,1,0,0,0,0,2
124,500001230808_S139_L002,148,1,10,42,87,2,0,0,0,0,1,0,0,0,0,0,0
125,050000440808_S15_L001,462,0,14,155,438,37,2,2,2,0,0,1,0,0,2,0,3
126,270001310808_S165_L002,94,0,2,10,32,7,0,0,1,0,1,0,0,0,0,0,0
127,050001890808_S86_L001,96,0,11,78,75,6,0,2,2,0,3,0,1,1,0,0,0
128,330000710808_S140_L002,67,0,0,17,87,3,2,0,3,1,0,0,0,1,0,0,0
129,540003500808_S89_L001,10,0,1,6,46,10,0,0,0,0,2,0,0,0,0,0,0
130,230002190808_S163_L002,129,1,0,80,64,13,1,0,6,0,1,0,0,0,0,0,0
131,330001050808_S101_L002,110,0,1,50,109,5,0,0,1,1,1,0,1,0,0,0,0
132,500000910808_S186_L002,183,0,1,63,127,10,0,0,2,0,2,0,0,0,0,0,0
133,270001190808_S22_L001,228,0,11,47,150,16,2,0,1,1,3,2,1,0,0,0,0
134,460004460808_S144_L002,194,0,20,77,277,15,3,1,7,1,3,0,0,0,2,0,1
135,540002610808_S145_L002,29,0,0,16,41,5,0,1,0,0,0,0,0,1,0,0,0
136,020003100808_S19_L001,185,0,12,171,111,8,1,1,2,0,2,1,0,3,1,0,0
137,540002680808_S98_L002,88,0,2,73,92,19,0,0,1,2,3,0,0,1,0,0,0
138,330002370808_S162_L002,145,1,11,112,115,16,2,1,4,1,3,1,1,0,0,1,0
139,690001790808_S29_L001,187,0,22,100,140,16,0,2,6,1,3,2,0,0,0,0,0
140,400002860808_S182_L002,91,1,10,75,100,19,0,0,2,0,1,0,0,0,0,0,0
141,440001540808_S135_L002,370,1,14,130,196,58,1,0,6,2,9,1,1,2,0,0,0
142,440000180808_S143_L002,90,0,10,70,132,20,2,0,8,0,7,1,1,1,0,0,0
143,020003190808_S12_L001,245,0,22,143,186,32,4,4,2,3,1,1,4,3,0,0,0
144,540003220808_S49_L001,37,0,1,17,63,8,0,0,0,1,2,0,0,0,0,0,0
145,690001060808_S162_L002,89,0,1,26,31,1,0,0,0,1,0,0,0,0,0,0,0
146,360001410808_S133_L002,309,0,13,139,369,16,3,0,5,2,6,0,1,0,2,0,1
147,500001390808_S171_L002,47,0,0,25,37,3,0,0,1,0,2,0,0,0,0,0,0
148,460000690808_S168_L002,252,1,16,94,186,15,6,0,0,0,1,0,2,0,0,0,1
149,330001790808_S146_L002,263,1,4,143,119,19,0,0,2,3,3,1,2,0,2,0,1
150,020000340808_S82_L001,105,0,20,82,64,8,1,0,1,0,3,0,0,0,0,0,0
151,330002940808_S80_L001,260,1,2,120,124,13,4,1,0,1,4,0,1,0,0,0,0
152,460001060808_S183_L002,120,0,2,50,66,14,1,0,2,1,1,0,0,1,1,1,0
153,300000940808_S140_L002,679,1,35,321,595,71,3,1,7,4,9,1,1,3,0,0,0
154,340002960808_S164_L002,66,0,2,83,151,5,2,1,0,1,1,0,1,0,0,1,0
155,540003570808_S2_L001,56,0,1,51,87,22,1,0,0,0,1,1,0,1,0,1,0
156,330000090808_S70_L001,251,0,1,134,203,15,3,2,4,3,1,0,2,0,0,1,0
157,270000270808_S113_L002,209,0,2,106,107,14,4,2,2,5,3,0,0,0,1,1,1
158,500001240808_S115_L002,118,0,10,46,75,14,2,0,3,2,1,0,0,0,0,0,0
159,050001130808_S22_L001,86,0,10,70,80,2,0,1,0,0,3,0,0,1,0,0,0
160,050001100808_S169_L002,96,0,19,25,111,7,0,0,2,0,4,0,0,0,0,0,0
161,330000780808_S172_L002,104,0,0,16,60,6,2,0,3,1,1,0,0,0,0,0,0
162,020000650808_S11_L001,144,0,12,126,127,10,1,2,3,1,2,1,0,0,0,0,1
163,440000500808_S183_L002,217,0,20,79,108,21,2,0,2,1,2,0,0,0,0,0,0
164,240101560808_S127_L002,119,0,2,37,78,10,0,0,2,2,0,0,0,0,0,0,0
165,050001920808_S78_L001,197,0,12,62,82,26,2,0,1,1,1,2,0,0,1,0,0
166,020004130808_S110_L002,242,1,11,160,153,8,3,1,3,1,0,0,0,0,0,0,0
167,270000030808_S190_L002,152,1,11,55,186,18,2,1,8,0,4,0,0,0,0,0,0
168,330001060808_S133_L002,149,1,2,140,173,27,1,0,3,0,4,0,0,0,0,1,0
169,360001830808_S109_L002,246,1,20,89,177,33,0,1,6,1,6,1,1,0,0,0,1
170,290000390808_S116_L002,336,1,22,113,242,16,5,5,3,1,3,0,3,0,0,0,1
171,300000960808_S148_L002,37,0,1,61,90,7,0,0,3,0,1,0,0,0,0,0,1
172,500000010808_S9_L001,89,0,1,40,81,23,1,1,0,0,2,1,0,3,1,0,0
173,460000890808_S128_L002,174,0,2,85,192,11,3,1,4,1,3,0,1,0,0,0,0
174,400003590808_S111_L002,112,2,22,77,139,20,5,0,1,0,1,0,1,1,1,0,0
175,540002620808_S153_L002,176,0,10,92,126,6,0,1,1,1,0,0,0,1,2,0,0
176,270000090808_S28_L001,326,1,2,51,132,32,2,0,2,1,5,0,0,0,0,0,0
177,690001910808_S84_L001,137,1,0,19,128,9,3,0,3,0,4,0,0,1,1,0,0
178,330002520808_S90_L001,151,0,30,103,153,18,1,0,7,4,3,0,0,0,0,1,0
179,020003810808_S104_L002,340,0,1,129,154,36,3,2,4,0,3,0,0,0,0,0,0
180,330001870808_S185_L002,312,0,3,178,174,28,4,0,8,0,3,0,2,3,0,0,0
181,540003240808_S57_L001,77,0,1,51,91,10,0,0,2,0,1,1,0,1,0,0,0
182,020003200808_S13_L001,179,0,3,74,121,22,2,0,3,2,3,0,1,0,0,0,0
183,500001400808_S155_L002,47,0,1,8,16,3,0,0,1,2,1,0,0,0,0,0,0
184,440000030808_S13_L001,115,0,2,69,24,8,1,0,1,1,1,0,0,0,0,0,0
185,330000350808_S164_L002,182,0,3,73,97,21,0,0,0,2,1,2,0,0,0,1,1
186,690001110808_S146_L002,102,0,2,49,65,10,0,0,1,1,3,0,0,0,0,0,0
187,540002690808_S106_L002,362,0,22,153,276,24,5,0,5,2,3,0,1,1,1,0,1
188,360001420808_S157_L002,175,0,2,126,182,20,0,0,3,0,6,1,0,2,1,1,0
189,500000950808_S26_L001,309,0,12,102,224,6,1,0,4,0,1,0,1,0,0,0,0
190,360001370808_S189_L002,130,0,1,64,107,6,2,0,1,0,0,0,0,0,1,0,0
191,400000180808_S166_L002,405,0,31,196,343,33,7,2,5,10,7,1,0,3,1,0,2
192,460001100808_S160_L002,99,0,19,17,160,4,0,0,2,0,5,0,0,1,0,0,1
193,050001990808_S123_L002,69,0,0,17,16,0,0,0,1,0,1,0,0,0,0,0,0
194,020000350808_S126_L002,337,0,4,78,216,22,0,0,3,3,1,0,1,1,0,1,1
195,440000190808_S167_L002,116,3,15,79,143,19,1,0,1,0,2,0,0,1,0,0,1
196,500001250808_S179_L002,46,0,9,10,33,4,0,0,0,1,2,0,0,0,0,0,0
197,050001210808_S129_L002,81,0,18,13,16,8,0,0,2,0,1,1,0,0,0,0,0
198,540003600808_S10_L001,117,1,4,106,179,22,6,0,1,0,7,0,2,1,0,0,0
199,240101580808_S143_L002,154,0,0,62,58,5,0,0,3,0,2,0,0,0,0,0,0
200,050002060808_S54_L001,164,0,3,59,194,18,1,0,2,0,3,1,0,1,0,1,2
201,020003940808_S10_L001,114,0,1,35,31,7,0,0,0,0,0,0,0,1,0,0,1
202,020004200808_S75_L001,322,1,2,121,205,30,10,0,2,2,1,2,0,0,1,0,0
203,270000290808_S149_L002,134,0,2,77,181,8,2,0,3,0,2,0,0,0,0,0,0
204,270000040808_S103_L002,55,0,4,13,24,2,0,0,2,0,3,0,0,0,0,0,0
205,330002580808_S96_L001,24,0,0,26,10,1,1,0,3,0,0,0,0,0,0,0,0
206,330000870808_S66_L001,364,1,22,245,295,31,4,1,7,1,6,0,1,3,0,2,0
207,540002640808_S161_L002,36,0,1,41,7,1,0,1,1,0,0,0,0,0,0,0,0
208,500000410808_S68_L001,10,0,0,4,9,3,0,0,3,0,3,0,0,0,0,0,0
209,290002570808_S187_L002,496,0,10,203,279,45,6,0,3,1,4,2,2,3,0,0,0
210,460000920808_S136_L002,343,0,11,164,272,34,4,0,4,1,4,1,1,0,1,0,2
211,540002700808_S114_L002,80,0,2,17,34,1,0,0,2,0,0,0,0,0,0,0,0
212,540002140808_S46_L001,31,0,1,31,29,3,0,0,1,0,0,0,0,0,0,0,0
213,500001990808_S179_L002,130,0,9,43,73,10,0,0,2,2,2,0,0,0,0,1,0
214,540003550808_S2_L001,72,0,1,28,71,5,0,1,0,0,0,0,1,0,1,0,0
215,440002200808_S159_L002,644,4,2,316,283,31,9,2,16,5,11,0,0,1,1,0,1
216,500002020808_S16_L001,151,0,1,118,61,1,4,0,1,0,1,0,0,0,0,0,0
217,020003840808_S118_L002,104,0,10,89,132,11,0,0,3,2,3,0,0,0,0,0,1
218,050000880101_S106_L002,160,0,0,39,69,9,0,0,6,2,1,0,0,1,0,0,0
219,330000550808_S72_L001,214,0,3,135,244,12,2,0,1,0,5,1,0,0,1,0,0
220,020000670808_S90_L001,275,0,19,122,303,19,1,2,3,1,6,5,3,2,0,0,0
221,400004310808_S103_L002,304,2,2,133,214,30,2,5,4,0,2,1,1,0,0,0,0
222,020003830101_S186_L002,108,0,1,47,140,18,4,0,4,0,1,0,0,1,0,0,0
223,460001120808_S104_L002,197,1,1,88,88,14,2,0,7,3,1,0,0,1,1,1,0
224,270000110808_S166_L002,75,0,0,46,55,6,1,0,2,1,7,0,0,0,0,0,0
225,050000610101_S103_L002,91,0,5,24,77,21,2,1,2,0,4,0,0,0,0,0,0
226,360001430808_S181_L002,83,2,1,43,102,5,1,2,8,0,3,2,0,0,1,0,0
227,400000210808_S174_L002,266,1,2,60,195,32,7,1,3,1,5,0,0,0,0,0,0
228,500000860808_S83_L001,285,2,2,129,190,34,1,1,5,0,6,0,1,2,0,0,0
229,690001120808_S124_L002,195,1,2,79,81,8,1,0,2,1,1,2,0,0,0,0,0
230,500000990808_S107_L002,73,0,9,53,58,6,0,1,1,0,0,0,0,0,2,0,0
231,360001840808_S101_L002,613,0,17,180,354,40,0,3,11,1,8,2,1,2,1,0,1
232,140003810101_S56_L001,62,0,1,65,83,3,4,1,3,0,1,0,0,0,0,0,0
233,050001610101_S115_L002,95,0,10,26,72,13,1,0,2,2,2,0,0,1,0,0,0
234,440000530808_S144_L002,198,0,10,106,114,22,5,2,4,2,5,0,0,1,0,0,0
235,050000320101_S83_L001,300,2,6,147,119,41,0,0,5,0,2,0,0,0,0,0,2
236,690002050808_S99_L002,207,0,11,109,87,7,2,1,7,2,6,0,0,0,0,0,0
237,290002630808_S108_L002,328,1,11,158,195,23,3,0,4,0,5,1,0,1,2,0,1
238,330002320808_S168_L002,110,1,0,19,164,14,2,0,0,3,2,1,0,0,0,0,0
239,050001190101_S73_L001,192,0,14,150,246,25,3,1,7,1,9,1,0,1,0,0,0
240,270000580808_S87_L001,136,0,1,53,93,7,3,0,2,0,1,4,0,0,0,1,0
241,230003360808_S162_L002,214,1,2,101,102,17,0,1,5,0,4,0,1,0,1,0,0
242,330000810808_S11_L001,112,1,10,45,83,14,1,0,0,0,3,0,0,1,0,0,0
243,440002980101_S145_L002,34,0,2,69,61,10,1,0,2,0,2,0,0,1,0,0,0
244,460000940101_S148_L002,139,0,18,77,50,8,0,2,2,1,1,0,1,1,0,0,0
245,540002180808_S45_L001,170,0,2,44,87,3,0,0,2,4,3,0,0,0,0,0,0
246,330001910101_S171_L002,167,0,1,56,106,21,5,3,0,0,3,1,1,0,3,1,0
247,540003680808_S1_L001,160,1,2,48,121,13,0,0,3,2,1,0,0,0,0,1,0
248,500003040808_S82_L001,30,0,9,6,35,7,0,0,1,0,1,0,0,1,0,0,0
249,050002050101_S124_L002,150,1,17,150,79,27,8,0,7,2,5,1,2,1,1,0,0
250,370000490808_S102_L002,63,0,2,39,53,5,0,0,0,2,0,0,0,0,0,0,0
251,330003330808_S166_L002,263,0,10,130,286,37,3,0,6,3,6,1,0,0,1,0,2
252,260002990101_S12_L001,237,0,3,104,152,27,1,2,8,3,4,0,0,0,2,1,0
253,330001580101_S129_L002,119,0,5,82,111,10,2,0,5,0,6,0,0,0,0,0,0
254,050001820101_S79_L001,262,0,31,99,184,22,1,1,12,0,7,2,0,0,0,0,1
255,050000930101_S107_L002,285,3,0,51,60,11,2,1,3,1,3,1,0,2,2,0,2
256,440000470101_S142_L002,144,0,37,156,133,16,1,2,7,0,5,2,0,1,0,0,0
257,540000560808_S164_L002,314,1,24,188,246,24,0,1,6,2,3,0,1,4,0,1,0
258,690000970101_S64_L001,257,0,2,94,129,17,2,0,0,1,4,1,0,2,0,0,1
259,540002970101_S158_L002,272,0,5,110,126,26,3,1,3,0,3,1,1,3,0,0,0
260,050000630101_S104_L002,107,0,12,95,136,7,0,1,3,0,1,0,2,0,0,0,0
261,440000200808_S136_L002,9,0,0,4,6,0,0,1,9,0,8,0,0,0,0,0,0
262,780000840101_S38_L001,141,0,20,32,70,2,0,0,4,0,1,0,2,0,0,0,0
263,500001040808_S171_L002,49,0,3,49,38,11,2,0,4,1,3,0,0,0,0,0,0
264,050000010101_S97_L002,236,0,33,59,184,21,5,0,2,2,2,2,0,1,0,0,0
265,400000250808_S126_L002,287,2,3,96,190,24,2,2,7,2,5,1,2,0,0,0,0
266,780003440101_S87_L001,196,0,10,85,117,17,2,0,2,2,6,0,0,0,0,0,0
267,440003040101_S181_L002,38,0,0,69,65,7,3,1,0,0,0,0,1,0,0,0,0
268,640002980101_S52_L001,147,1,22,135,226,28,9,1,4,0,3,1,1,1,1,0,0
269,260002840101_S8_L001,195,1,18,123,111,12,0,0,2,0,3,0,0,0,0,0,0
270,540000140808_S36_L001,107,0,9,16,56,7,0,0,0,1,3,0,0,2,0,0,0
271,780004960101_S16_L001,378,0,13,159,225,35,4,3,2,5,2,1,0,0,0,0,1
272,460000990101_S149_L002,217,0,9,104,119,17,2,1,1,2,2,0,0,0,0,0,1
273,540002260808_S44_L001,277,0,11,70,162,36,3,0,1,1,5,3,0,0,1,0,0
274,270000120808_S36_L001,206,0,4,132,252,14,8,0,15,2,4,2,0,1,0,0,0
275,400004360808_S190_L002,578,0,20,239,246,69,4,1,5,2,3,2,2,2,1,1,1
276,690001200808_S107_L002,29,0,2,22,40,3,0,0,1,1,3,0,0,0,0,0,0
277,050001700101_S81_L001,300,1,4,85,228,17,0,0,2,2,6,0,0,1,1,0,0
278,440000570808_S128_L002,286,0,3,146,155,17,2,0,7,1,2,0,0,0,0,0,0
279,210002070101_S69_L001,361,2,11,140,230,28,1,3,5,3,4,1,0,2,0,0,0
280,440003380808_S112_L002,341,0,22,103,278,29,2,1,6,2,5,1,0,1,1,0,0
281,050001230101_S71_L001,246,1,5,63,220,29,8,2,1,3,5,0,0,1,0,0,0
282,440000300808_S78_L001,25,1,0,39,34,3,3,0,2,0,2,0,0,0,0,0,0
283,330003400808_S167_L002,213,0,5,126,205,27,5,1,9,3,1,1,0,1,0,0,1
284,020002240807_S106_L002,454,0,2,186,222,38,1,1,8,2,3,1,1,2,0,0,0
285,280001880807_S135_L002,221,1,40,113,179,38,10,3,2,3,4,0,1,2,3,0,0
286,050000480101_S100_L002,180,1,21,129,191,24,3,5,5,1,6,1,0,1,0,0,0
287,780005220101_S43_L001,224,0,12,89,172,14,6,0,5,0,3,0,1,0,1,0,0
288,230003070807_S37_L001,126,0,3,40,100,20,2,0,3,0,2,0,0,0,0,0,0
289,330001930101_S134_L002,99,0,5,77,166,14,0,0,2,1,3,1,0,1,0,2,0
290,050002120101_S125_L002,203,1,4,139,116,26,2,0,2,0,4,0,0,1,0,0,0
291,330002530101_S137_L002,230,1,17,89,177,20,4,3,5,1,3,0,4,0,0,0,0
292,270000100807_S23_L001,139,0,10,61,79,19,5,0,3,1,0,0,0,0,0,0,0
293,260004150101_S10_L001,276,1,2,87,208,35,3,1,7,1,4,1,1,2,0,0,0
294,050001050101_S108_L002,250,0,21,110,230,31,2,0,2,2,0,0,0,2,1,0,1
295,330001660101_S170_L002,119,0,21,68,64,17,0,0,4,3,3,0,0,0,1,0,1
296,540003090101_S96_L001,116,0,11,62,106,6,0,1,3,0,2,0,1,1,1,1,0
297,050000670101_S77_L001,155,0,10,164,142,37,2,0,1,2,1,2,0,0,0,2,0
298,640003540101_S54_L001,178,0,10,161,173,17,0,0,2,1,1,0,0,1,0,0,0
299,690000990101_S63_L001,238,0,1,100,173,19,1,1,5,2,2,0,0,0,0,0,0
300,540001160101_S152_L002,183,0,19,114,68,26,0,0,2,0,4,1,1,1,1,2,1
301,500001470808_S64_L001,138,0,11,92,138,15,5,1,3,0,2,0,0,1,0,0,0
302,440000480101_S178_L002,346,0,10,124,179,15,2,0,4,1,8,0,1,3,0,0,0
303,050000050101_S86_L001,187,0,3,70,160,16,1,0,3,1,3,0,2,1,0,0,0
304,540002290808_S42_L001,76,0,2,58,75,13,0,0,2,0,1,0,0,0,3,0,1
305,540001040808_S84_L001,103,1,10,29,76,10,1,0,1,1,3,0,0,1,0,0,0
306,780002090101_S89_L001,330,0,13,149,237,28,3,3,3,1,2,2,1,0,1,0,1
307,780003450101_S95_L001,204,0,12,140,116,7,2,1,1,1,6,0,0,2,1,0,0
308,470001090807_S160_L002,166,0,12,91,103,17,3,0,3,4,1,2,2,0,3,1,1
309,330001290807_S162_L002,236,2,0,45,127,12,1,0,4,4,0,0,0,1,0,0,1
310,440003140101_S146_L002,204,0,0,120,226,22,2,1,5,0,3,0,0,1,0,0,0
311,050001710101_S116_L002,274,0,12,13,80,3,7,0,1,2,2,0,0,2,0,0,0
312,050000520101_S101_L002,80,0,10,29,27,4,1,0,2,2,4,0,0,0,0,0,0
313,280001890807_S143_L002,403,1,15,152,183,24,2,1,4,0,5,2,1,1,3,0,2
314,780005090101_S40_L001,194,1,30,38,213,19,2,0,3,1,3,1,1,3,0,0,1
315,260002850101_S3_L001,342,1,34,158,227,17,4,1,6,0,4,1,1,2,0,0,1
316,280002980807_S49_L001,679,1,6,299,480,43,3,4,6,3,7,1,1,2,2,0,2
317,230002070807_S129_L002,61,0,1,33,102,3,1,0,2,2,1,0,0,0,0,0,0
318,440000050101_S175_L002,107,0,1,41,93,9,3,0,1,0,2,1,0,0,0,0,0
319,690001770808_S53_L001,86,0,2,52,78,7,0,0,3,2,4,0,0,0,0,0,0
320,050001830101_S119_L002,352,1,10,134,301,39,6,2,7,2,8,0,0,0,1,1,0
321,330001940101_S135_L002,102,0,0,24,70,7,0,0,2,0,2,0,0,0,0,1,0
322,260004220101_S11_L001,85,0,3,53,39,17,3,0,2,1,5,0,0,0,0,0,0
323,460001130101_S150_L002,235,0,12,61,160,19,1,0,6,0,10,2,2,1,0,0,0
324,500000140808_S8_L001,364,2,4,142,166,7,2,3,3,2,1,0,2,2,1,0,2
325,780005240101_S42_L001,274,0,9,54,125,10,3,0,4,3,5,0,1,0,0,0,0
326,210002270101_S70_L001,492,0,13,222,264,16,1,0,5,3,4,1,0,3,0,0,0
327,330002550101_S139_L002,65,1,10,36,19,9,0,0,2,0,6,0,0,0,0,0,0
328,050001290101_S112_L002,166,0,2,89,177,23,2,0,2,1,3,1,0,0,1,0,1
329,440000650808_S175_L002,251,0,14,133,156,21,3,1,3,1,5,0,0,1,0,0,0
330,050001070101_S109_L002,104,0,30,50,55,13,4,0,2,0,3,1,0,0,0,0,0
331,050002170101_S126_L002,137,0,1,53,77,10,0,0,4,0,0,0,0,1,0,0,0
332,230003090807_S29_L001,132,0,1,21,126,20,0,0,4,1,3,1,3,1,0,0,0
333,270000130807_S31_L001,63,0,29,116,125,18,0,0,4,1,1,0,2,0,0,0,0
334,440000880101_S63_L001,292,2,2,74,233,8,0,0,5,2,5,0,1,1,1,0,0
335,050000730101_S105_L002,107,1,1,50,65,23,0,0,4,1,4,0,0,0,1,0,1
336,540002400808_S41_L001,63,0,1,30,29,3,0,0,1,1,0,0,0,0,0,0,0
337,470001130807_S104_L002,196,1,2,77,74,12,0,0,2,0,0,0,1,1,0,0,0
338,330001670101_S130_L002,171,1,0,73,146,25,3,0,2,0,2,0,0,1,0,0,0
339,540002050101_S154_L002,72,0,19,44,101,9,2,0,4,0,0,0,1,1,0,0,0
340,780003490101_S93_L001,168,0,20,64,43,8,0,1,4,1,1,0,0,2,0,0,0
341,280002120807_S127_L002,425,0,3,136,245,33,3,2,0,0,6,0,0,1,1,0,1
342,500001490808_S49_L001,68,0,3,24,121,10,1,0,6,0,4,0,0,0,0,0,0
343,690001010101_S62_L001,166,0,18,43,261,17,2,2,3,1,3,0,1,0,1,0,0
344,540001400808_S34_L001,568,2,22,214,311,37,4,2,5,3,9,1,3,1,1,1,2
345,780002130101_S90_L001,158,0,1,113,187,13,1,2,3,0,4,0,1,2,2,0,0
346,330001390807_S154_L002,157,0,0,81,88,11,0,0,0,0,2,0,1,0,1,0,0
347,540003110101_S159_L002,510,0,14,132,177,19,0,1,4,4,2,0,1,0,0,0,3
348,330002700101_S173_L002,121,0,13,60,130,20,2,0,1,0,0,1,0,0,1,0,1
349,260002880101_S4_L001,201,0,10,99,60,18,0,0,3,1,4,3,1,1,0,0,0
350,690000060101_S60_L001,280,0,20,86,206,39,3,0,11,2,2,0,0,2,0,0,0
351,440003240101_S182_L002,223,1,3,64,115,17,2,1,3,2,4,1,0,0,0,0,0
352,780005110101_S50_L001,143,0,9,25,164,13,2,1,2,0,2,2,2,1,0,0,0
353,270000150807_S39_L001,37,0,0,35,33,7,0,0,1,0,4,0,0,0,0,0,0
354,330001990101_S136_L002,160,1,3,62,116,17,6,0,3,1,3,1,0,1,0,0,0
355,330000100807_S67_L001,239,0,2,90,176,16,3,0,0,2,1,1,0,2,0,0,1
356,690001970808_S16_L001,74,0,4,72,54,10,1,0,3,0,5,0,0,0,0,0,0
357,780005250101_S46_L001,69,0,3,31,84,16,3,2,1,1,2,0,0,1,2,0,0
358,500001210807_S66_L001,37,0,0,21,18,3,1,0,0,0,2,0,1,0,0,0,0
359,230003110807_S21_L001,183,0,0,32,17,11,2,0,2,0,1,0,0,0,0,0,0
360,050001750101_S117_L002,129,0,14,60,109,16,1,0,3,0,1,1,0,0,0,0,0
361,050001960101_S120_L002,251,0,21,98,296,24,6,0,8,2,4,0,0,0,1,2,0
362,470001410807_S163_L002,185,0,18,48,127,15,3,0,2,4,4,0,0,0,0,0,0
363,470001590807_S68_L001,80,0,2,48,51,9,0,0,3,0,0,0,1,0,0,0,0
364,050000070101_S98_L002,225,0,5,141,156,25,1,0,2,0,6,1,0,0,0,0,0
365,230002080807_S137_L002,123,0,20,130,121,24,2,0,3,2,7,0,0,2,0,0,0
366,050000540101_S78_L001,232,0,11,86,152,21,1,3,2,5,4,0,0,0,1,0,0
367,540002630808_S7_L001,236,2,3,78,165,15,0,0,3,0,0,0,0,1,0,2,2
368,260004240101_S13_L001,147,1,0,64,251,25,0,1,4,0,2,0,0,0,0,0,0
369,210003270101_S66_L001,231,0,2,97,125,11,7,1,2,0,0,0,0,1,0,0,0
370,330001850101_S131_L002,108,0,15,39,96,7,0,0,5,0,0,0,0,0,1,0,0
371,050002210101_S127_L002,242,0,28,125,219,14,0,1,1,0,6,1,0,1,0,0,1
372,440000850101_S179_L002,431,0,24,177,235,33,1,0,8,1,8,2,0,2,1,0,1
373,440000270101_S176_L002,96,0,1,87,157,14,1,0,6,1,3,1,0,3,0,0,0
374,280002460807_S123_L002,177,0,9,43,115,11,0,0,1,0,4,0,0,1,1,0,1
375,780003880101_S91_L001,130,1,0,53,101,11,3,0,1,1,3,1,0,0,1,0,0
376,050001090101_S72_L001,386,1,7,98,247,30,4,1,7,1,8,1,0,0,0,0,0
377,050001310101_S113_L002,231,0,3,144,208,27,6,3,3,1,3,0,0,0,0,0,0
378,050000740101_S76_L001,210,0,12,82,129,21,0,1,3,2,2,1,0,0,0,0,1
379,540001930808_S48_L001,197,0,1,61,55,11,0,1,2,0,5,0,0,0,0,0,0
380,440000940101_S71_L001,186,1,29,51,130,13,3,0,5,0,3,0,1,2,0,0,0
381,500001620808_S63_L001,121,1,3,45,168,5,0,1,3,2,4,0,0,0,0,0,0
382,540002270101_S155_L002,304,0,1,152,119,36,1,2,6,1,3,0,0,0,0,0,2
383,500000930101_S58_L001,291,0,18,121,149,34,7,1,4,5,4,0,0,1,0,0,0
384,330002760101_S140_L002,178,0,32,85,120,21,0,0,2,0,2,0,2,1,0,0,0
385,330003060808_S80_L001,174,1,10,55,93,10,0,0,8,1,3,0,0,1,0,0,0
386,330000310807_S59_L001,48,0,10,63,104,10,0,1,3,1,0,0,0,0,0,0,0
387,440003270101_S183_L002,79,0,3,67,66,11,2,1,0,1,1,0,1,0,0,0,0
388,780002140101_S94_L001,246,0,2,100,175,20,2,0,5,0,2,0,0,0,0,0,0
389,330002030808_S165_L002,214,0,21,142,147,20,0,0,9,2,2,0,0,2,0,0,0
390,020000330101_S185_L002,64,0,11,47,55,7,1,0,1,0,2,2,0,1,0,0,0
391,050002000101_S121_L002,106,0,0,33,59,12,0,0,4,0,5,1,1,1,0,0,0
392,540002380807_S103_L002,147,0,9,49,27,7,1,0,0,0,0,0,0,1,0,0,0
393,260002910101_S9_L001,217,2,21,215,189,41,1,0,8,1,3,0,1,0,0,1,0
394,470001420807_S52_L001,187,0,0,32,50,11,0,1,4,0,2,0,1,0,0,0,0
395,540003420101_S160_L002,63,0,1,38,79,6,0,0,3,0,2,0,0,0,0,0,0
396,260000240807_S152_L002,507,1,22,212,339,40,9,0,7,4,0,0,1,2,1,0,1
397,690001180101_S161_L002,188,0,3,160,225,28,2,1,4,2,5,0,0,3,2,0,0
398,210003330101_S68_L001,83,0,3,47,63,7,1,1,4,0,6,0,0,0,0,0,0
399,500001300807_S3_L001,210,0,1,81,99,4,2,0,2,0,5,0,0,0,0,0,0
400,780005280101_S44_L001,263,0,24,116,303,33,2,3,5,2,6,2,0,0,0,1,0
401,270000160807_S47_L001,58,0,0,24,67,9,2,0,1,3,3,0,1,0,0,0,0
402,050001790101_S80_L001,316,2,13,122,185,41,1,3,6,2,7,0,0,0,1,1,0
403,690000110101_S59_L001,333,1,5,173,179,23,2,0,7,2,8,0,1,0,0,1,0
404,780005150101_S47_L001,391,1,20,97,211,22,1,1,3,4,1,1,1,0,0,1,2
405,230002180807_S176_L002,173,0,22,63,154,15,1,2,4,1,4,0,0,0,0,0,0
406,280002540807_S147_L002,79,0,3,39,71,7,2,1,1,2,1,2,1,0,0,0,0
407,780004510101_S41_L001,189,1,3,49,79,17,2,0,3,0,1,1,0,1,0,0,0
408,470002530808_S72_L001,112,0,1,69,41,11,0,0,3,3,6,0,0,0,0,0,0
409,050000090101_S85_L001,376,1,2,133,262,41,2,3,6,3,11,1,0,2,0,2,0
410,440001210101_S143_L002,132,0,7,63,140,13,0,1,2,1,0,0,0,3,0,0,0
411,140001090101_S55_L001,237,2,0,58,187,12,6,0,7,0,4,2,1,0,0,0,1
412,050000550101_S84_L001,246,0,1,144,261,16,2,1,7,3,6,0,2,1,0,0,0
413,440000330101_S141_L002,148,0,1,37,32,7,2,0,0,1,2,0,0,0,1,0,0
414,050001350101_S114_L002,179,0,0,75,111,18,2,0,8,1,6,2,1,0,0,0,0
415,330003180807_S94_L001,79,0,3,39,70,4,0,0,4,0,2,0,0,0,0,0,0
416,540002770807_S50_L001,117,1,2,49,128,7,0,0,4,1,3,1,0,0,0,0,0
417,270000620101_S65_L001,349,0,14,220,180,27,4,0,3,3,4,1,0,0,1,0,0
418,050001170101_S110_L002,148,1,0,46,87,4,1,0,1,4,2,0,0,1,0,0,0
419,330001860101_S132_L002,150,1,12,102,190,25,2,0,4,2,3,0,0,1,0,0,0
420,780002510101_S92_L001,147,0,19,59,96,6,1,1,0,0,1,0,0,0,1,0,0
421,330002800101_S174_L002,240,2,12,91,125,7,5,2,7,1,10,1,0,0,0,0,0
422,500001920808_S20_L001,175,0,4,66,103,7,0,1,3,0,1,1,0,0,2,0,2
423,050002010101_S122_L002,128,0,9,44,36,4,2,0,1,0,1,0,1,0,0,0,0
424,050000750101_S74_L001,423,0,22,145,256,23,0,1,8,2,8,2,0,1,0,0,0
425,260002950101_S7_L001,68,1,2,77,43,13,2,1,2,0,3,1,2,0,1,0,1
426,550004220808_S150_L002,280,0,17,189,222,41,1,1,2,2,3,0,1,1,0,0,0
427,540002600101_S156_L002,112,0,1,42,139,12,0,0,5,1,2,0,0,1,0,0,0
428,470001440807_S171_L002,139,0,2,38,49,2,3,0,4,1,1,0,2,0,0,0,0
429,540000070101_S151_L002,300,1,2,76,158,14,4,3,2,1,5,0,0,0,0,0,0
430,260000320807_S144_L002,81,0,2,4,20,2,0,0,0,0,4,0,0,0,0,0,0
431,330002050101_S172_L002,211,0,9,54,84,15,3,1,3,0,3,0,1,0,0,0,0
432,500001310807_S89_L001,41,0,4,27,35,5,0,3,1,0,2,1,0,0,0,0,0
433,050001810101_S118_L002,82,0,13,21,111,8,4,0,4,0,1,1,1,0,0,1,0
434,780005300101_S49_L001,171,1,2,30,111,11,0,0,1,0,2,0,0,0,0,0,0
435,690002520101_S2_L001,67,0,0,42,50,13,0,0,0,0,1,0,0,0,0,0,0
436,270001010808_S158_L002,99,0,3,21,109,7,0,0,0,0,0,0,0,1,0,0,0
437,050000130101_S99_L002,33,1,1,74,42,11,2,0,1,2,2,0,0,0,0,0,0
438,330000340807_S83_L001,584,0,36,256,275,57,2,0,7,2,11,2,0,4,0,0,1
439,690000430101_S61_L001,44,1,0,11,27,4,0,0,0,1,1,0,0,0,0,0,0
440,440001020101_S79_L001,326,0,17,133,100,22,2,0,10,1,5,1,1,0,2,1,0
441,440001580101_S144_L002,85,0,4,28,114,19,2,1,1,2,0,0,0,1,0,0,0
442,640002170101_S51_L001,97,0,9,26,40,7,0,0,3,1,3,0,0,0,0,0,0
443,280002900807_S139_L002,155,2,10,88,119,48,6,2,2,3,3,0,0,0,1,0,0
444,540002490807_S111_L002,390,2,39,198,426,43,3,5,7,1,4,0,0,2,3,0,1
445,230002210807_S169_L002,143,0,9,73,58,13,7,1,3,2,4,0,1,0,0,0,0
446,330001570101_S128_L002,129,1,6,59,109,19,0,0,3,1,0,0,0,1,0,0,0
447,460000850101_S147_L002,82,0,22,113,92,22,1,0,6,0,5,2,1,0,1,0,0
448,330001880101_S133_L002,65,0,1,69,40,11,0,1,1,0,1,0,0,0,0,0,0
449,470002910807_S120_L002,166,0,21,93,151,10,0,1,4,2,6,0,1,2,1,0,0
450,540002790807_S58_L001,152,0,19,34,93,9,2,0,0,0,0,1,0,1,0,0,0
451,780004910101_S26_L001,217,1,30,239,177,27,3,1,3,3,5,0,0,1,0,0,0
452,330003360808_S142_L002,136,0,10,30,92,8,4,0,1,0,2,1,0,0,0,0,0
453,470001450807_S76_L001,25,0,1,61,67,15,0,1,3,0,0,0,1,0,0,0,1
454,210004080101_S67_L001,314,0,32,122,235,18,1,1,2,1,2,0,1,0,0,0,1
455,050001460101_S82_L001,75,0,0,34,75,3,0,0,1,1,3,0,0,0,0,0,0
456,540002780101_S157_L002,19,0,0,5,43,0,0,0,0,0,1,0,0,1,0,0,0
457,440000440101_S177_L002,208,1,2,88,99,32,0,2,5,0,4,0,0,2,0,0,0
458,780005180101_S45_L001,193,0,2,95,29,19,1,1,5,1,3,1,0,0,0,0,0
459,630001790807_S92_L001,66,0,2,25,17,3,0,0,1,0,6,0,0,0,0,0,0
460,270000080807_S15_L001,122,0,3,98,64,5,0,0,2,0,2,0,0,0,0,0,0
461,540000450808_S163_L002,193,0,3,45,96,13,3,0,2,0,1,0,0,0,0,0,0
462,770101010807_S107_L002,189,0,19,93,175,14,1,0,2,0,2,2,0,1,0,1,0
463,780001250807_S145_L002,159,0,20,48,88,8,3,0,3,0,2,2,1,1,0,1,0
464,780003320101_S88_L001,156,0,21,62,99,15,2,0,0,0,0,0,0,0,0,0,0
465,140003720101_S57_L001,269,1,10,108,112,12,0,1,3,0,1,0,0,0,0,0,0
466,050002040101_S123_L002,84,0,12,6,102,6,1,0,2,0,3,0,0,0,0,0,0
467,500001320807_S82_L001,23,0,1,19,7,0,0,0,0,0,1,0,0,0,0,0,0
468,280001570807_S57_L001,293,1,1,103,118,18,3,0,1,2,2,0,0,1,3,3,0
469,630003920807_S115_L002,115,0,10,35,35,8,0,0,2,1,2,0,0,0,0,0,0
470,050000600101_S102_L002,273,2,19,86,186,27,6,1,6,2,5,0,0,1,2,0,1
471,770101560807_S174_L002,102,0,0,80,101,9,1,4,2,0,3,0,0,0,0,0,0
472,780004080807_S53_L001,155,0,1,45,79,12,5,0,3,0,1,1,0,0,0,0,1
473,770102700807_S20_L001,319,0,14,131,161,30,5,1,2,1,4,1,1,3,0,1,0
474,340003410808_S34_L001,124,0,11,22,111,16,0,1,2,1,1,0,2,1,0,0,0
475,630000020807_S151_L002,80,0,13,72,124,14,5,0,7,1,1,0,0,0,0,0,1
476,540002820808_S93_L001,56,0,0,4,46,5,0,0,0,0,2,0,0,0,0,0,0
477,780008480101_S17_L001,268,2,1,195,148,12,6,3,4,4,2,0,1,1,0,0,0
478,540002720807_S18_L001,223,0,2,45,109,24,1,0,1,0,0,0,0,0,0,0,0
479,330000460807_S75_L001,366,0,10,84,197,27,3,1,1,1,0,1,0,1,0,0,0
480,340003710808_S17_L001,277,0,21,142,204,51,1,1,2,1,1,1,1,1,0,0,0
481,270001130808_S87_L001,67,0,2,54,38,12,0,0,2,0,4,0,0,0,0,0,0
482,780001400808_S64_L001,66,0,9,109,67,10,1,0,1,0,3,0,1,1,0,0,0
483,340003780808_S26_L001,367,0,5,126,87,30,1,1,2,1,0,0,0,2,0,0,1
484,550002260807_S88_L001,106,0,1,85,147,37,2,1,3,1,8,0,0,0,1,0,0
485,780000760101_S36_L001,226,0,11,69,119,25,2,0,3,0,4,0,0,3,0,0,0
486,440002110101_S180_L002,239,0,1,80,68,22,3,0,1,0,2,0,0,0,0,0,0
487,050002460101_S189_L002,179,1,19,57,98,14,1,0,3,0,2,1,0,2,0,0,0
488,690000080807_S19_L001,325,0,11,105,210,24,5,0,2,2,4,0,2,0,0,0,0
489,230003020807_S77_L001,151,0,0,47,79,20,1,0,4,1,2,0,0,0,0,0,0
490,470003430807_S177_L002,69,0,1,42,67,4,3,0,2,0,4,0,0,0,0,0,0
491,520001830101_S107_L002,242,0,12,100,135,20,5,1,3,2,1,1,0,1,1,0,0
492,540003060808_S94_L001,18,0,1,62,7,5,0,1,0,0,2,0,0,0,0,0,0
493,770101060807_S25_L001,371,2,23,151,182,13,3,0,2,2,4,2,3,1,3,1,1
494,500002190807_S8_L001,129,0,3,52,65,15,3,1,2,1,2,1,0,1,0,0,0
495,640002780101_S53_L001,351,0,31,148,218,25,4,1,2,1,6,1,0,1,0,0,1
496,340003430808_S35_L001,169,0,5,43,50,9,2,1,3,0,2,1,0,1,0,1,0
497,500000230101_S98_L002,127,0,22,73,185,16,12,0,7,1,3,1,1,0,0,0,0
498,770101790807_S4_L001,163,0,9,56,80,3,2,0,0,2,1,1,1,0,0,0,0
499,780005210101_S39_L001,152,0,3,51,160,26,1,2,1,1,1,0,1,0,0,0,0
500,690000770101_S1_L001,504,0,23,199,358,53,1,3,2,4,5,1,0,4,1,0,0
501,590001290101_S100_L002,291,2,10,128,210,19,5,0,2,2,5,1,0,1,0,0,0
502,780008300807_S73_L001,204,0,3,54,99,9,1,1,3,0,2,2,0,0,0,1,0
503,630002250807_S86_L001,103,0,1,21,77,6,0,0,1,1,2,0,0,0,0,0,0
504,780001680807_S170_L002,208,0,2,35,80,7,0,0,2,0,2,0,1,1,1,0,1
505,670005070101_S102_L002,211,0,2,61,76,17,1,1,1,1,7,2,3,1,0,0,0
506,550002940807_S1_L001,128,0,12,45,87,5,1,0,0,0,0,0,0,0,0,0,0
507,440000810101_S55_L001,314,0,3,172,176,12,9,0,5,2,8,0,0,2,1,0,0
508,500004230101_S177_L002,191,0,10,109,174,23,6,1,2,0,2,1,2,1,0,1,0
509,630001070807_S181_L002,42,0,0,22,70,8,9,1,0,1,3,1,0,1,1,0,0
510,730000520101_S143_L002,91,0,11,52,69,21,3,0,6,3,2,1,0,2,0,0,0
511,670004690101_S119_L002,180,0,1,49,66,10,0,0,5,0,6,0,0,0,2,0,3
512,730003410101_S152_L002,214,0,2,106,133,17,3,0,5,2,3,2,0,0,0,1,0
513,330001180807_S138_L002,376,0,12,170,295,34,4,1,8,2,4,1,1,1,0,1,1
514,540002740807_S26_L001,342,0,14,62,140,22,2,1,3,0,0,1,0,0,0,0,0
515,340003790808_S27_L001,73,1,0,40,119,4,0,0,0,0,1,0,0,0,0,0,0
516,670005530101_S127_L002,190,0,2,45,92,5,0,0,3,3,8,0,0,0,0,0,1
517,330001960808_S82_L001,87,0,2,64,106,20,4,0,0,1,3,0,0,0,0,1,1
518,590002640101_S124_L002,258,1,21,151,275,26,6,1,4,1,5,2,1,1,1,0,0
519,340003720808_S20_L001,162,0,2,171,140,18,1,0,2,0,2,1,0,0,0,0,2
520,460002780101_S137_L002,430,3,23,131,397,27,5,1,4,8,5,0,0,2,1,0,1
521,470004390807_S2_L001,15,0,0,21,16,5,0,0,2,0,0,0,0,0,0,0,0
522,050002290808_S117_L002,224,0,1,65,183,28,3,1,1,1,4,0,0,0,0,0,0
523,780004740808_S76_L001,280,0,1,72,90,26,0,3,5,0,3,0,0,2,0,1,0
524,770102730807_S36_L001,424,3,16,159,401,70,0,2,2,1,5,1,0,3,2,0,0
525,690000370808_S24_L001,77,1,9,55,62,6,2,0,2,2,6,0,1,0,0,0,0
526,590004410101_S163_L002,136,1,1,52,73,13,0,0,5,1,8,0,1,0,0,0,0
527,540002120807_S95_L002,54,0,9,44,47,6,0,1,0,0,0,0,1,1,0,0,0
528,250002500808_S111_L002,289,0,11,105,210,19,1,1,0,1,4,0,0,0,0,0,2
529,590001680101_S148_L002,155,0,3,130,85,24,5,1,3,0,0,0,0,1,1,0,0
530,440001980101_S87_L001,420,1,21,171,331,50,0,2,9,2,10,1,3,1,1,0,0
531,210000150101_S184_L002,119,0,6,125,215,16,5,2,1,1,3,1,0,0,0,0,0
532,500003380101_S114_L002,84,1,0,46,53,17,6,0,4,0,7,1,0,0,0,0,0
533,520002210101_S178_L002,65,0,11,40,77,10,4,1,3,1,5,0,0,0,0,0,0
534,780003340807_S45_L001,124,0,1,10,24,2,1,0,6,0,1,0,0,0,0,0,0
535,340003660808_S15_L001,383,1,14,170,216,30,5,0,4,5,4,3,0,0,0,0,0
536,330000500808_S25_L001,69,1,18,47,120,13,0,0,2,0,6,0,1,0,0,0,0
537,500003890808_S35_L001,168,1,13,53,60,28,0,0,1,0,3,1,0,0,1,0,4
538,330000130808_S23_L001,194,1,12,95,167,23,1,0,5,0,1,0,1,1,0,0,1
539,770101940807_S90_L001,156,0,0,77,138,20,5,1,0,2,1,1,1,0,0,0,1
540,770101150807_S159_L002,224,0,9,167,265,33,3,1,8,4,6,4,0,0,0,0,0
541,550003210807_S54_L001,125,0,1,76,260,14,3,2,1,2,1,0,0,0,2,0,0
542,670005090101_S142_L002,191,0,37,110,184,30,2,0,0,0,7,1,1,0,0,0,1
543,540002750807_S34_L001,116,0,0,27,54,12,0,0,3,2,0,0,0,0,0,0,0
544,050000310808_S83_L001,490,0,2,237,190,32,0,0,3,1,9,2,0,0,0,0,0
545,340003730808_S21_L001,97,0,2,30,13,3,0,0,0,0,1,0,0,0,0,0,0
546,470002200808_S71_L001,505,3,28,300,518,52,16,2,7,3,15,4,2,1,1,1,1
547,460000180808_S5_L001,439,1,21,211,199,18,5,1,1,3,3,0,1,0,0,0,0
548,630002270807_S184_L002,256,1,5,78,154,16,4,1,0,1,3,0,0,1,0,0,1
549,550000620101_S139_L002,135,0,3,105,64,16,0,0,9,1,5,0,1,0,0,0,0
550,340003810808_S28_L001,201,0,1,86,123,6,2,0,0,1,4,0,0,0,1,0,1
551,630001100807_S136_L002,131,0,12,116,170,21,0,2,2,1,4,3,0,2,2,0,1
552,330002000808_S79_L001,211,2,1,58,102,21,2,1,2,4,4,0,0,0,2,0,0
553,500004290101_S161_L002,174,1,1,79,118,10,0,1,6,1,1,1,1,1,0,0,0
554,460002050808_S12_L001,375,0,19,186,429,55,1,3,11,4,9,3,3,2,1,0,0
555,460002860101_S145_L002,143,1,0,73,84,8,0,0,3,1,4,0,0,0,0,0,0
556,050002630808_S113_L002,130,0,13,39,99,16,4,1,3,2,2,0,0,0,1,0,0
557,780004750808_S75_L001,208,0,5,102,169,13,2,1,0,0,2,0,0,1,0,0,1
558,500003670101_S106_L002,196,0,1,102,93,14,0,0,4,0,1,0,1,0,0,0,0
559,780004000807_S5_L001,134,0,18,35,40,8,4,0,2,1,0,0,1,0,0,0,0
560,730003490101_S120_L002,450,0,29,178,173,23,3,1,5,2,9,0,2,1,0,0,1
561,550003350807_S38_L001,148,1,1,49,84,19,1,0,0,0,3,0,0,1,0,0,0
562,590002140808_S75_L001,202,0,11,54,146,12,4,1,0,2,1,0,1,1,0,0,0
563,770102750807_S28_L001,358,0,6,178,189,23,5,0,2,1,3,0,0,0,0,0,2
564,690000250808_S96_L001,266,0,16,147,142,40,4,0,5,3,6,0,0,1,2,0,1
565,340003670808_S16_L001,190,0,11,84,180,10,6,0,2,0,1,1,0,1,0,0,0
566,670004740101_S190_L002,345,3,30,110,156,31,4,2,4,0,7,0,3,1,0,0,1
567,250002590808_S99_L002,132,0,1,58,111,10,5,0,0,1,3,1,0,0,0,0,0
568,500003920808_S34_L001,127,0,0,63,134,10,1,1,1,0,2,0,2,1,0,0,0
569,500001200807_S74_L001,163,0,2,50,56,6,0,0,0,0,1,0,0,0,0,1,0
570,330000380808_S21_L001,125,0,9,72,64,11,1,1,5,1,4,0,0,0,2,0,1
571,520003590101_S115_L002,66,0,22,81,70,24,2,1,7,0,2,1,1,2,0,0,0
572,250002250101_S125_L002,56,0,10,79,116,3,0,0,3,1,3,0,0,1,0,0,0
573,770101970807_S12_L001,249,0,1,29,87,12,1,0,1,0,1,0,0,0,1,0,0
574,690000940807_S43_L001,200,0,13,81,169,29,3,1,6,2,4,1,0,0,1,0,0
575,770101180807_S167_L002,106,0,13,36,114,10,2,2,2,2,1,1,0,1,0,0,0
576,590002660101_S156_L002,211,0,2,99,97,19,1,0,3,2,5,0,2,1,0,0,2
577,050000920808_S86_L001,249,0,11,103,286,17,5,0,1,3,1,0,0,1,0,0,0
578,590002150101_S172_L002,140,0,12,109,250,18,1,5,4,3,10,0,0,1,0,0,0
579,780005140808_S63_L001,123,0,1,28,25,2,0,0,0,1,0,0,0,1,0,0,0
580,340003740808_S24_L001,186,0,12,63,213,15,0,0,1,0,1,0,1,1,0,0,0
581,770103620807_S41_L001,50,0,0,42,61,7,2,0,4,0,0,0,0,0,0,0,0
582,590004420101_S179_L002,364,0,27,164,232,24,8,0,4,6,7,1,1,1,0,0,1
583,460000280808_S4_L001,156,2,2,83,166,18,0,0,5,3,3,0,0,0,0,2,1
584,340003820808_S29_L001,66,0,1,47,146,10,0,1,1,0,0,1,0,1,0,0,0
585,500003940808_S50_L001,114,0,0,20,71,5,0,1,0,0,1,0,0,3,0,0,0
586,630001580807_S128_L002,115,0,2,29,113,6,1,1,3,2,3,0,0,0,0,0,0
587,330000610808_S27_L001,235,1,31,164,333,26,1,1,7,1,3,1,0,1,0,0,0
588,590002490808_S80_L001,103,0,19,32,37,7,10,0,1,0,1,1,1,0,0,1,0
589,340003690808_S19_L001,40,0,9,10,13,6,0,0,0,0,0,1,0,0,0,0,0
590,730000550101_S151_L002,285,0,22,239,326,28,0,4,7,2,8,1,1,2,0,1,0
591,540002760807_S42_L001,284,0,4,59,214,25,0,0,5,1,1,1,0,0,1,1,0
592,630002350807_S93_L001,70,0,0,37,136,21,0,0,3,0,2,0,0,0,0,0,0
593,670002100808_S125_L002,317,0,16,229,401,41,8,0,1,2,3,1,0,4,0,0,0
594,500003870101_S169_L002,139,0,29,68,175,10,1,0,0,0,3,0,0,0,0,0,0
595,580001560101_S97_L002,85,0,1,17,73,18,1,1,4,0,1,2,0,0,0,0,0
596,050003120808_S112_L002,117,0,3,105,155,27,2,2,0,2,1,3,0,0,0,0,0
597,670005140101_S158_L002,256,1,15,167,168,52,1,1,12,1,5,1,0,1,2,1,0
598,470002720808_S73_L001,356,0,1,131,238,24,1,1,3,0,6,0,3,0,0,0,0
599,460002220808_S13_L001,156,1,1,83,114,13,0,0,4,0,2,2,1,0,0,0,0
600,770102010807_S96_L002,115,0,10,48,87,3,0,0,1,0,0,0,0,0,0,0,1
601,330000390808_S24_L001,169,1,37,92,197,10,0,3,4,0,2,2,1,0,0,3,0
602,250002690101_S141_L002,119,0,22,57,45,8,0,2,5,4,2,1,1,0,1,0,0
603,500004310101_S146_L002,142,0,6,110,220,18,0,1,6,1,5,2,0,0,0,0,0
604,670004520808_S139_L002,208,0,5,84,156,13,0,2,4,1,3,1,0,0,0,0,0
605,780004020807_S91_L001,212,0,4,93,176,22,2,0,4,2,5,0,0,0,1,0,0
606,440002510808_S32_L001,387,1,14,191,268,40,2,3,3,3,3,1,1,0,3,0,0
607,520004270101_S123_L002,217,0,27,16,132,8,0,0,4,2,2,0,0,0,0,0,0
608,330002110808_S88_L001,453,1,14,204,439,51,5,1,2,2,10,3,3,0,0,1,0
609,460004470101_S129_L002,113,1,3,86,218,13,0,1,5,1,4,1,0,1,2,0,1
610,590002560808_S82_L001,122,0,11,82,117,18,2,2,3,1,4,0,0,0,0,0,0
611,670002110808_S124_L002,117,0,4,92,76,12,1,0,2,2,4,1,0,1,2,1,0
612,770104440807_S33_L001,161,0,20,84,139,22,5,0,4,2,4,0,0,2,0,0,0
613,780005260808_S66_L001,45,0,0,32,7,2,0,0,2,1,0,0,0,0,0,0,0
614,050003130808_S114_L002,133,0,11,90,99,22,4,0,1,1,0,0,1,2,1,0,0
615,730003500101_S128_L002,274,0,10,145,141,14,1,0,6,4,10,1,0,1,0,0,0
616,340003750808_S22_L001,41,0,1,39,25,10,2,0,1,1,1,0,0,0,0,0,0
617,050001340808_S85_L001,68,0,10,98,71,13,1,0,3,0,0,0,1,1,0,0,0
618,250002810808_S105_L002,211,1,35,114,185,33,7,3,9,3,5,2,1,1,1,0,0
619,670004710808_S151_L002,57,0,3,52,90,1,0,0,1,1,5,0,0,0,0,0,0
620,500003950808_S31_L001,236,0,3,30,71,5,2,2,2,1,0,0,0,0,0,0,0
621,690001150808_S16_L001,155,0,1,49,148,13,0,0,2,0,1,1,0,0,0,0,0
622,770101230807_S175_L002,202,1,23,126,256,38,2,1,10,2,0,1,0,1,0,0,1
623,440003800808_S90_L001,148,0,10,103,114,20,0,0,3,0,3,0,1,0,2,0,2
624,330000640808_S26_L001,87,1,4,76,118,11,0,1,4,3,0,1,0,1,1,0,0
625,340003700808_S18_L001,144,0,20,56,149,12,0,1,2,0,3,0,1,0,0,0,1
626,500003980101_S154_L002,302,0,12,56,163,20,1,1,4,1,0,0,0,1,0,0,0
627,460000440808_S3_L001,110,1,1,77,44,7,0,1,3,1,0,1,1,1,0,0,0
628,630001750807_S85_L001,98,0,1,11,22,8,0,1,2,0,4,1,0,2,0,0,0
629,670004820101_S174_L002,329,1,14,103,204,36,3,0,8,1,4,0,0,0,0,0,0
630,670005350101_S118_L002,104,1,4,78,112,14,2,0,7,1,6,0,0,0,0,0,0
631,590002680101_S164_L002,217,0,1,133,222,20,2,3,4,1,6,0,1,1,1,0,0
632,590002180101_S108_L002,81,0,9,38,71,10,0,1,5,0,0,0,1,0,1,0,0
633,050003450808_S118_L002,103,2,13,115,145,14,5,0,3,3,2,0,1,1,1,0,0
634,780001190807_S161_L002,219,1,3,141,164,30,2,1,6,0,1,0,0,0,0,1,0
635,690000780101_S192_L002,375,1,14,201,388,54,12,1,8,1,7,0,3,1,0,0,1
636,470002740808_S72_L001,310,0,4,94,147,11,2,0,2,0,0,0,1,0,0,0,0
637,330002970808_S80_L001,194,0,13,74,106,12,3,2,2,0,0,0,1,1,0,0,0
638,590003800808_S95_L001,177,1,0,119,79,9,2,2,1,0,5,0,0,1,0,1,0
639,670004530808_S155_L002,56,0,9,54,67,12,1,0,4,0,1,3,0,1,0,0,0
640,780005270808_S64_L001,45,0,0,31,48,1,0,0,2,1,0,0,0,0,0,0,0
641,670004890808_S153_L002,241,0,10,157,76,22,0,0,3,2,5,1,1,0,3,0,0
642,630002730807_S78_L001,173,0,3,72,52,13,0,1,1,1,1,1,0,0,0,1,0
643,670002240808_S186_L002,198,2,27,93,210,13,3,0,6,2,2,0,1,1,0,1,0
644,770102430807_S155_L002,335,0,2,144,198,47,1,0,4,2,4,1,0,1,2,1,1
645,330000430808_S28_L001,524,3,24,163,268,58,8,1,2,5,3,0,0,1,1,0,0
646,580002170101_S105_L002,255,0,2,42,104,6,2,1,5,1,8,0,0,0,0,1,0
647,520004340101_S162_L002,54,0,0,11,38,1,0,0,1,0,2,0,0,0,0,0,0
648,460002230808_S14_L001,339,0,32,134,255,34,0,1,9,0,4,2,1,2,1,0,0
649,250002710101_S157_L002,289,0,30,146,212,33,2,1,5,1,5,3,0,2,0,0,0
650,470001040807_S112_L002,224,0,10,65,121,16,0,1,5,2,1,2,0,3,1,0,0
651,730001810101_S183_L002,256,2,1,184,213,13,4,0,11,2,7,1,1,2,0,0,0
652,470000040808_S70_L001,137,0,18,80,104,9,1,2,8,1,3,1,0,0,0,0,0
653,500003960808_S30_L001,206,0,9,25,97,12,0,1,1,0,1,1,0,1,0,0,0
654,050002340101_S181_L002,80,0,0,46,63,4,1,0,3,1,0,0,0,0,0,0,0
655,520000800101_S131_L002,174,1,9,57,87,19,4,0,5,1,4,0,0,0,0,0,0
656,770000030807_S65_L001,40,0,0,19,53,6,1,0,6,0,3,0,0,0,1,1,0
657,670004730808_S145_L002,289,1,3,122,166,21,1,0,4,3,4,0,0,1,0,2,0
658,250002870808_S103_L002,198,0,41,137,148,17,0,0,4,1,3,2,1,1,2,0,0
659,340003760808_S23_L001,209,0,9,79,121,11,0,0,4,0,1,0,1,0,1,0,0
660,460001280808_S9_L001,80,0,0,32,43,12,3,0,1,1,1,0,0,0,0,0,0
661,640000110101_S160_L002,560,0,2,191,196,29,10,2,2,1,10,0,0,0,1,0,0
662,050003560808_S115_L002,265,2,9,91,202,21,6,1,3,1,4,0,0,2,0,1,0
663,670004970808_S144_L002,225,0,20,57,94,4,0,1,0,0,1,0,0,0,0,0,0
664,460000110808_S7_L001,251,1,3,69,221,16,0,0,5,1,4,1,1,1,0,0,0
665,500004190101_S138_L002,206,0,2,100,239,17,2,0,5,0,5,0,1,1,0,0,0
666,460001340101_S153_L002,402,0,11,63,113,23,2,0,1,0,1,0,0,1,0,0,1
667,670005340808_S138_L002,98,0,0,82,79,12,1,0,1,0,1,1,0,0,2,0,0
668,770101520808_S102_L002,96,0,0,68,94,14,1,0,5,2,8,0,3,0,0,0,2
669,670005150808_S177_L002,265,0,2,104,214,35,4,2,1,3,2,1,0,0,0,0,0
670,540002240808_S91_L001,101,0,0,76,45,3,0,0,0,0,2,1,0,0,0,0,1
671,590002690101_S188_L002,127,0,1,187,86,11,0,0,5,0,2,1,0,2,0,0,0
672,140000540808_S105_L002,126,1,4,48,53,5,0,0,1,2,5,0,1,0,0,0,0
673,670002290808_S184_L002,228,0,12,94,149,8,0,0,0,0,1,0,1,0,0,0,0
674,330003110808_S81_L001,244,0,3,53,98,14,2,0,1,1,2,3,2,1,0,0,0
675,470002830808_S69_L001,145,0,3,29,84,6,2,0,2,0,3,0,0,0,0,0,0
676,630003040808_S48_L001,197,3,10,49,115,9,4,1,2,0,1,0,1,1,0,0,1
677,670004910808_S149_L002,206,1,3,126,141,34,2,0,6,0,2,1,1,1,0,0,0
678,670004880101_S182_L002,410,0,33,146,434,79,2,4,5,1,2,0,3,3,1,0,1
679,780008180808_S74_L001,133,1,1,56,85,6,4,0,2,0,3,0,0,0,0,3,0
680,670001240808_S185_L002,249,2,4,82,155,30,1,0,3,3,2,2,0,1,0,0,2
681,670004590808_S173_L002,317,0,5,142,357,25,3,0,7,1,0,1,1,2,1,0,0
682,670005390101_S126_L002,292,0,19,79,181,25,8,0,5,0,4,1,0,0,1,0,0
683,670005490808_S141_L002,94,1,11,101,146,19,4,0,3,0,4,0,0,0,0,0,0
684,470001570808_S67_L001,159,1,0,46,96,5,4,1,0,1,1,1,1,1,0,1,0
685,590002090808_S77_L001,155,2,11,35,65,14,5,0,1,0,2,0,0,1,0,0,0
686,250002800101_S165_L002,238,1,10,90,87,12,0,0,2,2,4,0,2,0,1,0,0
687,590001270101_S171_L002,233,1,3,83,109,22,2,1,4,2,5,1,0,0,1,0,0
688,330000600808_S68_L001,88,0,0,43,102,10,0,1,2,0,4,0,1,0,0,0,0
689,330000440808_S20_L001,411,0,5,138,244,19,8,0,2,2,5,0,0,3,0,0,0
690,730004350101_S112_L002,464,1,10,251,108,22,0,1,7,0,7,1,0,1,2,1,2
691,630000290808_S124_L002,19,0,1,43,59,13,0,1,1,1,2,0,0,0,0,0,0
692,460002650808_S15_L001,428,0,18,268,448,40,13,1,13,2,4,1,3,1,0,0,1
693,670004770808_S146_L002,371,2,22,140,332,27,3,3,1,2,6,0,0,2,0,0,0
694,730000380101_S191_L002,154,0,15,55,91,24,0,1,8,3,4,0,0,0,0,0,0
695,630001150808_S109_L002,100,0,0,41,27,5,0,1,1,0,1,2,0,0,0,0,0
696,460000160808_S8_L001,180,0,12,54,301,23,3,0,1,2,2,0,0,0,1,0,2
697,590002210101_S109_L002,326,0,12,130,136,25,1,0,8,2,2,1,0,1,1,1,0
698,260004180808_S94_L001,140,1,9,27,82,17,0,0,1,1,6,0,0,0,0,0,0
699,330000700808_S66_L001,159,2,14,78,122,28,1,1,1,4,0,1,0,0,0,0,2
700,140000670808_S102_L002,12,0,0,37,52,8,1,1,2,0,2,0,1,0,1,0,0
701,670005360808_S163_L002,177,1,0,80,69,7,0,0,4,0,3,0,0,1,0,0,0
702,730001830101_S175_L002,99,0,0,47,61,8,1,1,4,0,2,2,0,0,0,0,0
703,630002280808_S108_L002,62,0,1,30,14,0,1,0,1,0,0,0,0,0,0,0,0
704,630001450808_S116_L002,230,2,3,122,204,12,2,2,4,5,6,3,0,0,2,1,0
705,250003110808_S100_L002,297,1,39,156,424,43,1,1,7,3,4,4,0,0,2,0,1
706,670004980808_S150_L002,506,0,40,220,373,32,8,1,3,2,5,5,2,2,0,0,1
707,460002020808_S17_L001,252,1,34,153,176,42,4,0,6,0,1,0,2,1,1,1,0
708,640000850101_S176_L002,172,0,1,64,99,13,0,0,1,1,3,2,0,0,1,0,1
709,670005540808_S17_L001,85,0,12,44,77,16,0,0,3,0,2,0,0,0,0,0,0
710,670004610808_S157_L002,276,0,21,89,216,31,1,0,5,0,1,0,2,2,0,1,0
711,670005220808_S130_L002,213,1,19,82,204,19,2,2,5,0,1,2,0,2,0,0,0
712,330000620808_S72_L001,116,0,1,58,120,10,0,0,2,1,3,0,1,0,0,0,0
713,520001620101_S170_L002,284,1,30,115,341,31,2,2,3,2,2,2,2,2,0,1,0
714,690002180808_S18_L001,195,3,9,64,83,26,5,0,4,1,2,3,0,1,0,0,0
715,670001330808_S187_L002,165,0,2,36,101,3,0,0,0,1,2,0,0,2,0,0,0
716,730000950808_S34_L001,148,0,3,90,104,19,0,1,1,0,1,0,0,2,1,0,0
717,260002830808_S80_L001,16,0,0,15,18,6,0,0,0,1,1,0,1,0,0,0,0
718,590002880101_S101_L002,310,2,22,154,133,11,1,4,4,6,5,0,0,0,2,0,2
719,730002760808_S50_L001,223,0,18,35,150,41,1,0,2,2,0,0,0,1,0,0,0
720,670004680808_S14_L001,336,0,19,119,235,28,5,1,3,0,3,0,1,1,1,2,1
721,770101710808_S79_L001,222,0,10,75,113,28,0,2,2,2,2,0,0,0,0,0,0
722,330000450808_S22_L001,130,0,18,70,111,15,2,0,1,3,2,0,0,0,0,0,0
723,670002450808_S189_L002,352,1,3,220,314,28,1,2,7,1,5,1,1,2,1,0,1
724,670005610808_S190_L002,36,0,0,31,60,18,0,0,3,0,5,0,0,0,0,0,1
725,730000400101_S104_L002,222,0,2,117,150,32,0,1,5,2,4,0,0,0,0,0,0
726,730001590808_S57_L001,247,2,14,210,183,32,6,0,8,3,6,1,2,3,0,0,0
727,670004930808_S152_L002,274,0,31,189,228,32,5,1,6,1,7,0,0,3,1,0,0
728,460000170808_S6_L001,253,0,17,89,229,28,2,1,3,1,2,0,1,4,0,0,0
729,780004640808_S77_L001,168,0,10,84,113,22,0,1,2,1,3,0,2,1,1,1,1
730,670005400101_S134_L002,50,0,1,52,61,7,0,0,2,0,3,1,0,0,0,1,0
731,470001820808_S60_L001,231,0,8,109,151,19,0,1,6,1,5,0,1,0,0,0,0
732,670004780808_S176_L002,168,0,20,99,144,29,2,0,1,2,1,1,1,1,1,0,0
733,630001240808_S112_L002,158,1,0,50,135,12,2,0,1,2,0,1,0,0,0,0,0
734,460002740808_S11_L001,253,0,3,94,175,38,1,1,5,1,2,2,2,2,2,0,0
735,630000750808_S126_L002,102,0,3,45,84,14,5,1,4,0,0,0,0,0,1,0,0
736,470002850808_S59_L001,245,0,20,92,187,37,4,0,8,2,12,1,0,0,2,0,0
737,670004670808_S168_L002,152,0,3,99,60,12,0,0,1,0,1,1,0,1,0,0,0
738,590002550101_S147_L002,53,1,2,34,95,13,0,0,1,0,1,1,0,0,1,0,0
739,330000730808_S73_L001,324,0,14,126,171,31,2,0,4,3,4,1,1,0,1,0,0
740,730003390101_S136_L002,3,0,0,2,6,0,0,1,5,0,3,0,0,0,0,0,0
741,630001500808_S118_L002,90,0,0,18,86,9,0,0,2,0,1,0,0,0,0,0,0
742,330000510808_S69_L001,186,0,2,138,192,23,5,1,1,0,2,0,1,1,2,1,0
743,670005010808_S131_L002,290,0,3,82,48,9,2,0,1,1,3,1,0,1,0,0,0
744,670004920101_S103_L002,541,0,15,159,240,39,5,1,7,1,6,0,0,3,1,0,0
745,330000630808_S74_L001,58,0,10,56,74,9,3,0,1,1,3,0,0,1,0,0,0
746,670005550808_S7_L001,117,0,11,42,80,5,2,0,1,0,0,0,0,1,1,0,0
747,670005370808_S129_L002,449,2,4,141,221,18,6,1,6,2,3,2,0,0,0,0,0
748,630002590808_S107_L002,110,0,3,39,169,4,0,0,5,1,1,0,1,0,0,0,0
749,250003530808_S98_L002,161,0,5,126,192,14,2,0,6,2,3,1,2,0,0,0,0
750,780008460808_S151_L002,150,0,11,58,151,26,1,0,1,1,3,0,0,0,0,0,0
751,670005230808_S178_L002,131,0,0,35,39,3,2,0,1,0,5,0,0,1,0,0,1
752,260002890808_S87_L001,254,0,20,81,74,7,0,0,4,1,6,0,0,0,0,1,0
753,770104400808_S60_L001,274,3,10,180,185,26,3,1,9,2,6,1,1,1,0,1,1
754,730000420808_S25_L001,229,0,11,141,158,14,1,0,2,1,2,1,2,0,0,0,1
755,730003130808_S38_L001,166,0,23,122,182,26,0,0,4,1,1,0,1,0,2,0,0
756,730000960808_S35_L001,205,0,27,122,181,19,0,0,2,3,3,1,0,3,0,1,0
757,460002030808_S16_L001,373,0,12,128,322,33,6,3,5,2,2,2,3,2,3,0,2
758,670007900808_S136_L002,406,0,10,148,170,19,2,2,2,1,4,1,0,1,0,0,0
759,730001630808_S52_L001,231,0,28,64,128,14,0,0,2,0,1,2,0,3,0,0,0
760,210001870808_S127_L002,125,0,2,31,179,7,1,0,3,1,4,0,0,1,0,0,0
761,670004790808_S16_L001,235,1,1,109,163,24,5,0,1,1,3,2,1,1,0,0,0
762,670004510808_S167_L002,333,1,0,34,136,15,1,2,3,0,1,0,1,2,0,0,0
763,670004810808_S147_L002,416,1,43,188,367,23,4,3,7,4,2,0,0,0,0,1,0
764,780004650808_S78_L001,82,0,20,107,130,23,1,0,5,1,4,0,0,0,0,0,0
765,670004700808_S154_L002,379,0,10,115,205,31,0,1,5,4,3,3,0,1,1,0,2
766,670004940808_S159_L002,183,0,3,32,177,18,1,0,4,2,1,0,0,0,0,0,0
767,520001650101_S99_L002,105,0,11,35,68,12,2,0,3,0,4,0,0,1,0,0,0
768,630000860808_S123_L002,76,0,1,39,69,11,2,0,0,0,1,2,1,0,0,0,0
769,500003560808_S51_L001,250,1,10,71,122,19,2,0,2,0,3,2,1,0,1,2,0
770,730000410101_S167_L002,171,1,3,84,95,15,1,1,0,2,5,1,0,0,0,0,1
771,630001250808_S111_L002,66,0,2,109,55,7,0,0,3,0,1,0,1,0,0,0,0
772,590004310101_S132_L002,181,0,20,73,152,10,2,1,3,0,3,0,0,2,0,0,0
773,730003400101_S144_L002,98,0,1,27,63,7,0,0,4,0,3,0,1,1,1,0,0
774,210002900808_S144_L002,107,0,3,63,103,9,2,0,1,0,1,1,0,0,0,0,0
775,330000740808_S76_L001,112,0,9,92,224,14,0,0,2,0,3,0,1,1,0,1,1
776,630001510808_S120_L002,195,0,11,70,106,13,0,0,2,0,2,1,0,0,0,0,1
777,210000500808_S161_L002,203,0,1,127,159,21,0,2,5,1,1,0,1,0,0,0,0
778,470003150808_S68_L001,132,0,18,33,52,11,0,0,2,1,3,0,2,0,0,0,0
779,330000650808_S71_L001,52,1,13,39,117,13,2,0,1,0,2,0,2,0,0,0,0
780,670002310101_S135_L002,485,2,14,235,381,29,6,1,6,2,6,1,1,1,0,1,0
781,670005640808_S8_L001,234,1,7,90,207,11,4,2,2,2,5,0,1,1,2,0,3
782,210004320808_S105_L002,212,0,10,109,104,15,7,0,4,0,4,3,3,1,0,0,0
783,260002920808_S96_L001,86,0,19,17,44,7,0,0,1,2,2,1,0,3,0,0,0
784,670005050808_S158_L002,210,1,4,84,178,22,0,0,4,0,1,1,1,1,1,2,0
785,770104420808_S61_L001,4,0,0,16,43,1,0,0,0,0,0,0,0,1,0,0,0
786,780008500808_S147_L002,358,0,10,133,223,29,3,0,1,1,2,1,1,2,0,0,0
787,550001010808_S147_L002,168,0,0,50,157,19,2,1,5,1,1,0,0,0,1,1,1
788,330000520808_S63_L001,344,0,13,142,206,26,0,0,4,1,2,0,1,0,0,0,1
789,670004830808_S143_L002,325,0,9,132,189,19,4,1,7,1,2,0,0,1,1,1,2
790,730002210808_S51_L001,128,1,19,114,192,16,0,0,4,2,2,1,0,2,1,0,0
791,670005410808_S162_L002,339,0,47,167,278,43,1,3,2,3,5,3,0,3,0,0,0
792,730003150808_S37_L001,314,2,21,85,153,32,3,2,1,3,2,0,1,1,4,0,0
793,670005280808_S161_L002,228,0,31,94,200,32,1,0,4,2,7,1,0,1,1,0,1
794,730000500808_S26_L001,127,0,4,83,69,11,0,1,0,0,2,0,0,0,0,0,3
795,670004800808_S2_L001,155,0,4,85,114,7,0,0,0,0,4,0,0,0,1,0,0
796,550001480808_S114_L002,47,0,0,71,49,6,3,1,4,1,3,0,0,0,0,0,0
797,670002260808_S15_L001,726,0,34,256,544,46,11,0,8,0,2,1,2,2,1,1,0
798,730001190808_S36_L001,342,0,4,99,125,53,3,1,2,0,3,0,1,1,1,0,1
799,550002560808_S178_L002,195,0,4,34,82,16,2,1,2,0,2,1,0,0,0,0,0
800,670004950808_S142_L002,420,1,11,127,218,35,0,0,2,3,6,2,0,0,0,0,1
801,630001340808_S113_L002,103,0,9,8,14,4,0,0,1,1,2,0,0,0,0,0,0
802,550001680808_S180_L002,22,0,18,50,49,5,2,0,4,0,2,0,0,0,0,0,0
803,550002680808_S155_L002,92,0,20,69,94,8,0,1,4,1,3,1,1,1,0,0,0
804,910000140808_S123_L002,595,3,27,310,506,72,2,3,10,3,7,3,0,2,1,0,0
805,640001950808_S61_L001,67,0,0,38,39,4,0,1,5,0,2,0,0,0,0,0,0
806,670005040101_S110_L002,151,0,13,130,180,23,2,0,5,2,6,0,0,0,0,0,1
807,640001870808_S54_L001,193,0,11,67,155,43,0,2,3,1,5,1,0,4,0,0,0
808,640003070808_S11_L001,62,1,9,52,58,13,3,0,5,0,7,1,0,0,0,0,1
809,640000470808_S21_L001,136,0,0,42,101,11,3,0,3,0,1,0,0,1,0,0,0
810,780003310808_S68_L001,123,0,10,57,51,2,0,0,1,0,3,0,0,1,0,0,0
811,630001520808_S117_L002,307,1,13,86,290,20,2,0,2,1,5,0,0,0,0,0,1
812,630000880808_S114_L002,184,0,10,106,89,27,2,0,4,0,1,1,0,0,0,0,0
813,640002380808_S17_L001,104,0,0,105,131,10,0,0,4,1,4,0,1,0,1,0,0
814,640002090808_S65_L001,132,1,11,64,54,7,0,1,3,0,4,1,0,1,0,0,0
815,330000660808_S67_L001,92,0,0,46,51,8,3,0,3,1,1,0,0,0,0,0,0
816,730002430808_S47_L001,162,0,11,49,173,12,0,1,1,1,0,0,1,0,0,0,0
817,780004990808_S148_L002,73,3,11,35,52,12,0,0,3,0,0,0,0,0,0,0,0
818,210002930808_S135_L002,104,0,3,55,119,3,0,0,2,0,1,0,0,0,0,0,0
819,640003520808_S89_L001,75,0,0,32,101,4,1,0,1,0,1,0,0,0,1,0,0
820,210000600808_S129_L002,133,0,36,28,53,16,0,0,2,0,0,0,0,0,0,0,0
821,260004160808_S93_L001,122,1,1,72,30,9,0,0,1,1,3,0,0,0,0,0,0
822,330000750808_S78_L001,172,0,13,137,348,34,1,1,7,0,0,1,0,2,2,0,1
823,670005110808_S179_L002,89,0,3,53,153,10,5,0,1,0,2,2,0,1,0,0,0
824,780008510808_S152_L002,251,0,0,93,104,22,1,2,2,1,5,0,0,0,0,0,0
825,780003330808_S44_L001,45,0,1,51,64,5,0,0,0,0,1,0,0,0,0,0,0
826,210004500808_S119_L002,87,0,1,33,24,10,0,1,0,0,7,0,0,0,0,0,0
827,670005320808_S128_L002,205,2,29,64,98,17,1,0,2,1,0,1,1,0,0,0,0
828,910000320808_S121_L002,192,1,5,100,292,22,0,1,4,2,3,0,0,0,2,1,0
829,330000540808_S65_L001,84,0,2,98,153,12,2,2,1,2,5,1,0,1,1,1,1
830,210002010808_S128_L002,218,0,3,124,134,35,2,0,4,0,1,3,1,0,1,0,0
831,550002620808_S172_L002,274,0,3,65,95,33,0,0,5,1,3,0,0,0,0,0,1
832,640003080808_S29_L001,23,0,0,11,28,5,0,0,2,0,9,0,0,1,0,0,0
833,550001850808_S122_L002,130,0,1,58,58,10,1,0,1,0,1,0,0,0,1,0,1
834,730000530808_S27_L001,219,1,11,64,155,10,2,0,3,1,1,0,1,1,0,0,0
835,730004100808_S46_L001,320,1,14,149,151,24,0,2,7,1,0,0,0,0,1,1,2
836,670005650808_S11_L001,397,2,22,222,274,27,7,1,3,7,6,2,5,0,0,0,0
837,640001880808_S62_L001,286,0,19,71,158,11,3,1,2,2,0,0,0,1,0,0,0
838,730002460808_S48_L001,156,1,28,74,124,19,4,0,2,0,0,2,0,1,0,0,0
839,670004850808_S5_L001,143,0,4,111,61,11,3,1,6,0,5,1,1,2,0,0,1
840,670005420808_S160_L002,408,0,10,173,372,30,4,2,9,1,9,3,1,0,1,1,2
841,630001430808_S125_L002,89,0,10,45,109,16,0,1,1,0,2,0,1,0,0,0,0
842,670004960808_S165_L002,184,1,2,58,222,28,11,1,3,1,4,2,0,2,0,2,1
843,780003930808_S76_L001,65,0,0,14,22,1,0,0,1,0,0,0,0,0,1,0,0
844,550001080808_S146_L002,271,0,12,80,117,24,4,0,4,0,1,1,0,0,0,0,1
845,780005230808_S131_L002,35,0,0,17,10,1,0,0,0,0,1,0,0,0,0,0,0
846,670004580101_S111_L002,350,0,3,186,200,19,3,3,2,3,4,0,1,1,0,0,0
847,640001980808_S85_L001,100,0,10,24,90,11,3,0,1,0,2,0,0,0,0,0,0
848,550002690808_S132_L002,194,0,3,51,178,23,2,1,4,1,1,0,1,3,1,0,0
849,670004540808_S9_L001,203,0,14,94,188,38,1,0,5,0,4,1,0,1,0,0,0
850,640001680808_S14_L001,80,0,1,45,16,6,0,0,2,1,3,0,0,1,0,0,0
851,730001460808_S53_L001,398,2,20,195,285,24,1,1,9,2,9,3,1,0,0,0,0
852,210003070808_S84_L001,120,0,1,94,42,14,0,1,5,0,1,1,0,0,0,0,0
853,330000680808_S64_L001,78,0,1,5,52,5,2,0,5,1,3,0,1,0,0,0,0
854,630001110808_S115_L002,125,0,0,26,85,10,1,0,2,0,4,1,1,0,0,0,0
855,780003480808_S43_L001,26,0,0,14,46,5,0,0,6,0,0,1,0,0,0,0,0
856,640003580808_S34_L001,146,0,0,59,52,4,1,1,1,1,3,1,0,0,0,0,0
857,780008550808_S150_L002,182,0,2,74,161,10,2,0,3,1,1,0,0,1,0,0,0
858,910003810808_S120_L002,154,1,13,93,147,22,6,0,0,1,1,1,0,1,0,0,0
859,640002700808_S73_L001,71,0,9,38,62,1,4,1,3,1,2,1,0,0,0,0,0
860,330000800808_S62_L001,200,1,14,71,129,12,2,0,2,1,1,0,0,2,0,0,0
861,730002480808_S49_L001,97,0,18,79,138,15,3,1,1,1,3,1,0,2,0,0,0
862,210001500808_S145_L002,146,1,2,31,154,6,4,1,0,0,1,0,0,0,0,0,0
863,670005330808_S126_L002,96,0,9,82,93,2,2,0,1,0,1,0,0,0,1,0,1
864,330000560808_S77_L001,234,0,1,100,52,13,0,0,1,1,1,1,0,0,0,0,0
865,340003480808_S131_L002,149,0,10,92,68,10,0,0,0,0,2,0,0,0,0,0,0
866,550002640808_S171_L002,58,0,1,38,78,9,0,0,3,0,3,1,0,0,0,0,0
867,550001560808_S154_L002,138,0,18,40,145,21,0,1,3,1,6,1,0,1,0,0,1
868,670005130808_S175_L002,315,0,21,147,197,14,0,2,2,2,1,1,0,3,1,0,0
869,630001530808_S119_L002,321,0,30,111,178,18,3,0,3,0,6,0,0,1,0,0,0
870,670005460808_S137_L002,173,1,12,164,215,12,1,1,2,1,3,1,0,3,2,0,0
871,640002180808_S33_L001,182,1,1,75,160,15,0,1,6,1,4,0,0,0,0,0,0
872,780003510808_S92_L001,13,0,2,24,13,4,0,0,1,0,0,0,0,1,0,0,0
873,640001890808_S70_L001,252,0,0,21,107,14,2,0,2,1,2,0,0,0,0,0,0
874,640001990808_S93_L001,5,0,0,32,44,3,0,0,0,0,0,0,0,1,0,1,0
875,640003090808_S5_L001,226,1,4,103,238,24,2,1,5,0,3,0,0,1,0,0,0
876,730004360808_S39_L001,348,0,3,126,344,27,2,0,6,0,2,0,4,2,2,0,0
877,670005680808_S3_L001,163,0,0,45,49,7,0,1,2,0,4,0,0,0,0,0,0
878,630001440808_S121_L002,79,0,1,52,91,11,3,0,1,0,1,1,0,0,0,0,0
879,210003260808_S137_L002,144,0,12,141,142,22,2,0,3,1,3,2,1,0,0,0,0
880,730000540808_S29_L001,338,1,11,124,133,38,2,0,5,1,6,0,0,3,2,0,0
881,780004090808_S60_L001,53,0,18,85,80,5,0,0,1,0,3,1,0,0,0,0,0
882,670004870808_S12_L001,206,0,12,92,233,15,0,1,2,1,1,1,2,2,0,0,0
883,780005290808_S130_L002,83,0,2,44,75,9,0,0,0,1,2,0,1,1,0,0,0
884,670004550808_S6_L001,589,0,12,145,292,23,0,1,9,0,4,0,0,2,1,0,1
885,210002120808_S169_L002,118,0,12,140,310,39,6,1,3,4,2,1,0,0,0,0,0
886,550002710808_S185_L002,122,0,11,30,55,6,0,0,7,1,4,0,0,0,0,0,0
887,550002130808_S107_L002,162,1,13,67,151,30,8,1,8,0,2,2,0,0,0,0,0
888,640001690808_S22_L001,96,0,1,18,70,9,0,0,3,0,2,0,0,0,0,0,0
889,330000590808_S70_L001,138,0,5,137,155,16,4,1,1,0,0,0,0,1,0,0,0
890,550001180808_S115_L002,88,1,4,30,62,7,2,0,2,1,2,0,0,1,0,0,0
891,210001740808_S153_L002,238,1,6,54,161,16,3,0,2,0,2,1,0,0,0,0,0
892,210000460808_S175_L002,149,0,30,67,90,29,0,0,3,1,5,0,0,0,0,0,0
893,730001480808_S54_L001,226,0,15,125,282,27,5,0,2,0,3,0,1,1,0,0,2
894,780003520808_S12_L001,252,1,5,110,236,13,1,0,5,0,0,0,1,0,0,0,0
895,210003310808_S112_L002,52,0,3,25,35,2,2,0,0,0,1,0,0,0,0,0,0
896,550002650808_S108_L002,220,1,0,136,192,23,0,1,3,1,3,1,0,2,0,0,0
897,330000860808_S75_L001,251,0,9,79,136,17,1,0,4,2,7,0,2,0,0,0,0
898,630001140808_S110_L002,289,1,1,59,136,18,2,1,3,1,5,0,1,0,0,0,0
899,760000320808_S106_L002,55,1,0,12,110,10,0,1,2,0,3,0,0,1,0,0,0
900,550001590808_S179_L002,128,0,0,30,45,4,0,0,1,2,2,0,0,0,0,0,0
901,640003600808_S42_L001,240,0,22,66,123,15,2,0,2,0,3,3,2,0,0,1,0
902,730000910808_S33_L001,313,0,19,116,217,27,3,1,0,0,4,1,2,0,1,0,0
903,550003260808_S186_L002,140,0,0,26,85,5,0,0,1,2,1,1,0,1,0,0,0
904,670004600808_S13_L001,71,0,23,70,173,17,8,0,0,1,2,2,0,0,0,0,0
905,630001930808_S122_L002,202,0,0,9,74,12,0,0,6,2,5,0,0,0,0,0,0
906,550002140808_S123_L002,85,0,0,32,53,8,0,0,0,0,0,0,0,0,0,0,0
907,640003130808_S90_L001,82,0,2,38,38,3,3,0,1,1,1,0,0,0,0,0,0
908,640001910808_S37_L001,115,1,10,17,28,1,0,0,0,0,1,0,0,0,0,0,1
909,640002210808_S15_L001,320,1,10,130,170,10,1,0,10,0,6,0,0,1,0,0,0
910,670005710808_S4_L001,122,0,0,58,57,7,2,0,1,1,3,0,0,1,0,0,0
911,640002710808_S94_L001,452,0,0,154,181,23,1,0,8,3,4,0,2,1,0,0,0
912,640002010808_S78_L001,210,0,12,107,112,36,2,1,4,1,9,0,1,1,0,0,0
913,550000660808_S156_L002,218,0,11,73,157,21,1,0,8,0,3,1,1,0,1,0,0
914,780003890808_S35_L001,29,0,0,21,53,4,1,0,0,0,1,1,0,0,0,0,0
915,210000470808_S143_L002,33,0,0,44,32,3,0,0,3,1,1,0,0,0,0,0,0
916,670004990808_S10_L001,553,0,30,221,426,18,4,5,7,5,1,1,2,0,1,0,0
917,210001750808_S111_L002,112,2,1,175,180,18,1,0,2,0,5,1,0,0,0,0,0
918,640001780808_S30_L001,120,0,1,54,150,17,0,0,4,0,2,0,0,0,0,0,0
919,730001500808_S55_L001,261,0,10,129,221,34,2,0,5,3,4,0,1,1,0,0,0
920,580001990808_S59_L001,93,0,10,62,61,15,2,0,0,2,0,0,0,0,0,0,0
921,550001240808_S130_L002,109,0,3,31,145,18,2,0,2,1,0,0,0,1,1,0,0
922,550002660808_S124_L002,261,0,4,81,137,20,0,0,6,1,1,0,0,0,1,0,0
923,210002410808_S177_L002,126,0,1,73,117,29,1,0,5,2,9,0,0,2,1,0,0
924,550002480808_S170_L002,88,0,1,43,70,11,2,0,4,0,1,0,0,0,0,0,0
925,640001920808_S45_L001,96,0,1,39,91,5,0,0,2,0,1,0,0,0,0,0,0
926,640003430808_S50_L001,140,0,11,50,56,2,1,0,3,0,1,0,0,0,0,0,0
927,210004070808_S121_L002,270,2,22,181,260,22,3,3,4,2,5,0,2,1,0,0,1
928,550001610808_S148_L002,147,0,13,118,182,30,0,1,3,0,2,0,1,1,0,1,0
929,730003910808_S67_L001,276,0,2,211,222,32,3,3,2,2,5,1,1,1,2,0,2
930,640002220808_S31_L001,161,0,12,61,171,20,4,0,3,1,4,1,0,0,0,0,0
931,550000710808_S139_L002,153,0,1,84,99,22,0,0,4,1,3,0,4,0,0,0,0
932,640002020808_S39_L001,58,0,0,25,29,9,2,0,7,0,7,1,1,0,1,0,1
933,640000210808_S13_L001,118,0,0,41,30,4,0,1,1,0,2,0,0,0,0,0,0
934,640002890808_S49_L001,288,1,3,103,194,17,3,2,2,1,2,0,0,1,0,0,0
935,550002670808_S116_L002,193,0,0,39,107,23,1,0,2,1,5,0,1,0,0,0,0
936,210002440808_S113_L002,103,0,4,34,86,10,0,0,2,1,2,0,1,0,0,0,0
937,640001850808_S38_L001,102,1,0,50,116,12,0,0,2,1,6,1,0,1,0,0,0
938,780002150808_S52_L001,82,0,0,38,89,3,0,0,0,2,1,0,0,0,0,0,0
939,640001930808_S53_L001,42,0,2,19,51,2,0,0,5,0,3,0,0,0,0,0,0
940,640003490808_S58_L001,180,0,9,89,110,11,0,1,4,0,5,0,0,0,0,0,0
941,550001640808_S140_L002,221,0,3,102,123,19,0,0,0,1,2,1,0,0,1,1,0
942,550002510808_S162_L002,216,0,1,128,130,22,4,0,4,0,7,0,1,0,0,0,0
943,210001800808_S136_L002,218,0,21,118,184,23,0,1,8,3,4,1,0,0,0,0,0
944,550001250808_S164_L002,381,0,30,149,345,59,5,2,4,2,4,1,1,0,1,0,0
945,640002280808_S25_L001,387,0,2,164,228,23,4,0,4,1,3,0,0,0,0,1,0
946,780003220808_S28_L001,172,0,0,33,68,13,1,0,1,0,1,0,0,0,1,0,0
947,640002070808_S176_L002,286,0,11,59,136,16,0,1,2,1,4,0,0,0,0,0,0
948,640001860808_S46_L001,165,1,1,51,58,15,1,0,1,0,3,0,0,0,0,0,0
949,550000750808_S138_L002,338,0,10,211,128,35,0,0,4,2,4,0,0,0,1,0,0
950,640002910808_S86_L001,142,0,12,67,133,15,0,0,2,0,3,0,0,0,0,0,0
951,210002850808_S120_L002,227,0,27,99,259,27,2,3,6,0,4,0,0,2,0,0,0
952,550001450808_S163_L002,1,0,0,33,11,2,0,0,0,0,2,0,0,1,0,0,0
953,640002310808_S7_L001,133,0,4,111,110,15,2,2,6,0,1,0,0,0,1,0,0
954,550001670808_S187_L002,319,0,3,134,203,34,6,1,7,2,7,0,0,0,1,0,0
955,640002920808_S23_L001,128,1,13,47,87,13,0,0,1,1,1,0,0,0,0,0,0
