CASSF,1.4885577858331691e-08
CASSLGETQYF,2.4559928158563386e-06
CASSLGYEQYF,4.318403487970941e-06
CASSLQETQYF,1.310369604007233e-06
CASSLTGNTEAFF,1.1686662375817786e-06
CASSSSYEQYF,3.405053974660112e-06
CASSLSYEQYF,3.1368381359465328e-06
CASSLEETQYF,1.2118601260288933e-06
CASSLGGYEQYF,5.585526269733342e-06
CASSLDRNTEAFF,9.347504770050213e-07
CASSPSTDTQYF,1.0466370865176846e-06
CASSSQETQYF,1.1623826428936911e-06
CASSFQETQYF,2.6465537839501287e-07
CASSLGDTQYF,1.0544817819961551e-06
CASSLTDTQYF,1.4559225240772287e-06
CASSL,0.0
CASSLGGTDTQYF,2.4189014865233227e-06
CASSPSYEQYF,2.658821130176489e-06
CASSLRETQYF,1.7299171147870615e-06
CASSPQETQYF,8.457013626347665e-07
CASSLSTDTQYF,1.1774145093394378e-06
CASSSTDTQYF,1.4988011619225659e-06
CASSLGTDTQYF,2.1726774085069757e-06
CASSLGGSSYNEQFF,7.876006717079232e-07
CASSLGGSTDTQYF,1.0327075375175632e-06
CASSLAGGTDTQYF,1.3888676223609688e-06
CASSFGETQYF,5.007424890179412e-07
CASSRTGNTEAFF,1.187591304429551e-06
CASSLGGSYEQYF,3.630967809608821e-06
CASSFTDTQYF,3.621438084652122e-07
CASSLADTQYF,1.1462376471248137e-06
CASSLAYEQYF,3.054520100449169e-06
CASSSSTDTQYF,1.1944058887191019e-06
CASSLKETQYF,5.66155557580539e-07
CASSLGGGTDTQYF,1.6514005505007967e-06
CASSLDSYEQYF,1.989490303600497e-06
CASSYSYEQYF,1.752660106357938e-06
CASSV,0.0
CASSPGETQYF,2.369018468417226e-06
CASSLAGTDTQYF,2.3309678292181198e-06
CASSLTGELFF,8.370885600145696e-07
CASSLGQGYEQYF,2.264559256757501e-06
CASSLAGGYNEQFF,9.830040169579616e-07
CASSLGSTDTQYF,1.0578422706694996e-06
CASSLGGQETQYF,2.0254570407851923e-06
CASSFSYEQYF,1.336561750908662e-06
CASSLAGSYEQYF,2.6038569408867146e-06
CASSLGGTGELFF,1.3513624841141264e-06
CASSLGGDTEAFF,9.96292626439814e-07
CASSLDGNTEAFF,2.797364200354854e-07
CASSLGGSYNEQFF,1.1570490252369072e-06
CASSQGYEQYF,4.279110424853705e-06
CASSLQGYEQYF,2.3095125450837175e-06
CASSLGGGETQYF,1.571952727182897e-06
CASSFSTDTQYF,4.706593077669548e-07
CASSLSGSSYNEQFF,2.3726123176399319e-07
CASSLAGGETQYF,1.25197939435482e-06
CASSLAETQYF,1.1446163276967952e-06
CASSRTDTQYF,1.7119205680377122e-06
CASSPGGYEQYF,4.308777401620688e-06
CASSPGYEQYF,4.4197473536934036e-06
CASSLGGDTQYF,1.2175049240911647e-06
CASSI,0.0
CASSPGTDTQYF,1.8600305377645039e-06
CASSLGQSYEQYF,6.664572801242943e-07
CASSYTDTQYF,8.020228625116894e-07
CASSYGETQYF,4.845378184238083e-07
CASSLAGGQETQYF,8.028931020368078e-07
CASSLAGGYEQYF,2.383843034008086e-06
CASSLGADTQYF,9.990256036600296e-07
CASSLEGYEQYF,1.5067805345186783e-06
CASSSGETQYF,2.3749276409620996e-06
CASSLVGYEQYF,8.955248389233511e-07
CASSLAGETQYF,2.1519540502845695e-06
CASSLTGDTEAFF,6.066809091959852e-07
CASSSTGNTEAFF,6.355689253718816e-07
CASSYQETQYF,5.14131297093637e-07
CASSSTYEQYF,1.799167243575494e-06
CASSLGQAYEQYF,7.470066108616245e-07
CASSPDSYEQYF,1.4328643143980079e-06
CSVGTGGTNEKLFF,5.3472140978938495e-09
CASSSQGYEQYF,1.4830705830511997e-06
CASSLSDTQYF,4.816414726003673e-07
CASSLGLAGGTDTQYF,3.463313101998201e-07
CASSPSGSSYNEQFF,3.5089360462340633e-07
CASSRDSYEQYF,2.556400187639462e-06
CASSLGLAGYNEQFF,5.833326872116104e-07
CASSLDSYNEQFF,4.993435061066438e-07
CASSLAGSTDTQYF,9.336065365960385e-07
CASSPRTDTQYF,8.840937781262888e-07
CASSLSETQYF,6.095429444437785e-07
CASSLGLAGTDTQYF,7.003998287705964e-07
CASSLLETQYF,8.648928909066258e-07
CASSPRETQYF,1.6064785875256336e-06
CASSSAYEQYF,2.12189134963233e-06
CASSPGTGSYEQYF,6.474382638931545e-07
CASSRGETQYF,3.7995828538984796e-06
CASSRSYEQYF,3.689614205348821e-06
CASSLGPNQPQHF,5.206573715832306e-07
CASSSDSYEQYF,1.1824087189080932e-06
CASSDSYEQYF,2.752244742202685e-06
CASSLGGRETQYF,9.281502968470831e-07
CASSPQGYEQYF,1.9008253119189392e-06
CASSVGETQYF,7.500977977243165e-07
CASSLAGSYNEQFF,1.1887997736026293e-06
CASSLTGYEQYF,2.2856257394479954e-06
CASSPGGTDTQYF,1.8395664757756253e-06
CASSFRETQYF,7.264870280537927e-07
CASSLVETQYF,6.229899579556962e-07
CASSLGSSYNEQFF,7.770655138506149e-07
CASSLVGTDTQYF,4.708198762585902e-07
CASSFGYEQYF,9.172195864206094e-07
CASSLGGTYEQYF,1.568161594324084e-06
CASSQGETQYF,1.823885964616982e-06
CASSLDTDTQYF,6.720343742352002e-07
CASSSGYEQYF,4.340749751749378e-06
CASSASYEQYF,1.4484080228766586e-06
CASSLAGGSTDTQYF,3.951489371039261e-07
CASSLGQTYEQYF,3.3571833106770474e-07
CASSLAGQETQYF,1.5148250715236704e-06
CASSLTSGSYNEQFF,3.203650509823573e-07
CASSLGGAYEQYF,2.8476454080265465e-06
CASSSPYEQYF,1.091105926494823e-06
CASSPTDTQYF,7.628987618058413e-07
CASSLGGGQETQYF,1.016737642231107e-06
CASSAQETQYF,5.629450787132924e-07
CASSRSTDTQYF,1.2774817662288054e-06
CASSLGLQETQYF,4.4966947787459025e-07
CASSLSGYEQYF,1.4026748648002331e-06
CASSFTGNTEAFF,2.6913875888076665e-07
CASSLRGTDTQYF,1.5300895038351939e-06
CASSLDSTDTQYF,5.261300462421954e-07
CASSLGQSTDTQYF,1.673551165515664e-07
CASSRQETQYF,2.071904283733169e-06
CASSLEGETQYF,7.137458916659012e-07
CASSRGYEQYF,8.089596014482698e-06
CASSLRDTQYF,8.218691303324325e-07
CASSLRGYEQYF,3.6538577222534865e-06
CASSLSGETQYF,7.474660074004582e-07
CASSLVTDTQYF,5.039445141897394e-07
CASSRQGYEQYF,2.66965356856173e-06
CASSSLYEQYF,1.1920929078387706e-06
CASSNTDTQYF,2.0871698145342353e-07
CASSLTSGSTDTQYF,3.1540822255486847e-07
CASSLATDTQYF,7.678204473888836e-07
CASSHSYEQYF,1.308184053823818e-06
CASSLSGSTDTQYF,3.601779616176174e-07
CASSGSYEQYF,3.5410781206717582e-06
CASSLAGEETQYF,8.553297171352661e-07
CASSSRETQYF,1.5072591070880336e-06
CASSLTSTDTQYF,6.276982631381305e-07
CASSLAGDTQYF,1.1286459773805877e-06
CASSQGGNQPQHF,1.8928280045774853e-06
CASSLDGYEQYF,6.656894567582652e-07
CASSPNTDTQYF,1.5238604644426013e-07
CASSYSTDTQYF,5.491783411810958e-07
CASSLAGGGTDTQYF,4.481478220972485e-07
CASSQGNYGYTF,1.3868574868447745e-06
CASRGGTEAFF,1.763845916883629e-06
CASSLGGEETQYF,1.0162053500570289e-06
CASSPAYEQYF,2.0689568551560754e-06
CASSLSGTDTQYF,7.368228988193048e-07
CASSLRGGETQYF,9.521665305339947e-07
CASSPGSTDTQYF,8.749225277545834e-07
CASSLGGADTQYF,9.373194680966934e-07
CASSQQETQYF,5.135216637094826e-07
CASSIGETQYF,4.028006082145651e-07
CASSLASTDTQYF,7.980831097335651e-07
CASSLTGSYEQYF,1.4956156596441055e-06
CASSLNTDTQYF,2.226000457761897e-07
CASSYGYEQYF,8.97084706809394e-07
CASSLGGGSTDTQYF,5.124391219361301e-07
CASSSGTDTQYF,2.1354306412902477e-06
CASSVQETQYF,4.0014528850032876e-07
CASSPTGYEQYF,1.6540429193881826e-06
CASSGETQYF,1.9400206201062432e-06
CASSGSTDTQYF,1.2567401504649331e-06
CASSLTTDTQYF,5.391805634542558e-07
CASSPGDYGYTF,1.1674466664844767e-06
CASSLVGDTQYF,2.175576492404313e-07
CASSLGASTDTQYF,4.466607029352291e-07
CASSSYYEQYF,7.974939840822057e-07
CASSVTDTQYF,4.050642263496761e-07
CASSEGYEQYF,2.4370209357248395e-06
CASSHTDTQYF,4.1028814258128106e-07
CASSLRGQETQYF,1.2230062050664152e-06
CASSPRGYEQYF,3.3322821051324544e-06
CASSLDRGYEQYF,1.6323873682277553e-06
CASSLGTAYEQYF,9.676361268282483e-07
CASSLSSTDTQYF,5.060338799164995e-07
CASSIQETQYF,3.0954388730163666e-07
CASSITDTQYF,2.830290588124686e-07
CASSLGQGQETQYF,5.555000580605599e-07
CASSFGTGELFF,2.6256757010455746e-07
CASSSYTDTQYF,3.133598968304606e-07
CASSLEDTQYF,3.830291177897344e-07
CASSRGTDTQYF,3.1899707190433026e-06
CASSLGGTQYF,4.5937122102648524e-07
CASSPGGDTQYF,9.016797022904682e-07
CASSLEGTDTQYF,6.48701192028626e-07
CASSPYTDTQYF,3.232850478124085e-07
CASSGGETQYF,3.543779050815186e-06
CASSLGQGETQYF,8.544525092246324e-07
CASSLGGANTGELFF,4.804098276961135e-07
CASSLLDTQYF,4.5114672090444614e-07
CASSLGGGDTQYF,7.291441917232873e-07
CASSLGGGYNEQFF,1.187901945783675e-06
CASSVGGTDTQYF,7.110263029599756e-07
CASSQTYEQYF,8.739485944606133e-07
CASSLRTDTQYF,1.1333826624781992e-06
CASSFGGTDTQYF,5.194250248823163e-07
CASSETSGSTDTQYF,1.081590784113771e-07
CASSLGRGYEQYF,1.5999505374902093e-06
CASSTQETQYF,6.115806761636643e-07
CASSVGDTQYF,3.200268358125894e-07
CASSTTDTQYF,5.594750795084402e-07
CASSSTGELFF,8.152622743161117e-07
CASSSNYEQYF,4.752965129293792e-07
CASSQAYEQYF,1.4764976354235387e-06
CASSPGNYGYTF,1.289877513813737e-06
CASSLPSTDTQYF,4.120592431553909e-07
CASSLGVNQPQHF,5.001501378118182e-07
CASSFGSTDTQYF,2.451700373343108e-07
CASSDTDTQYF,7.823748169611691e-07
CASSQSYEQYF,1.092018875399298e-06
CASSLTGTDTQYF,8.228653168753395e-07
CASSLETQYF,1.5273170264290975e-06
CASSTSTDTQYF,7.397126914219464e-07
CASSSGGNQPQHF,1.9628274972685914e-06
CASSQDSYEQYF,9.052687942552455e-07
CASSVSYEQYF,1.0965209950017286e-06
CASSSGSSYNEQFF,7.316473344573329e-07
CASSLVDTQYF,2.9879732578630697e-07
CASSLLGTDTQYF,6.867624324136966e-07
CASSGQGYEQYF,3.1923976069011123e-06
CASSTSYEQYF,1.8019716514586728e-06
CASSEGETQYF,1.2057740732346587e-06
CASSLDYNEQFF,6.340505766131449e-07
CASSQTDTQYF,3.305061138173605e-07
CASSFEETQYF,2.465162939553481e-07
CASSLSGDTQYF,3.279995215169863e-07
CASSVGTDTQYF,6.41123587723039e-07
CASSLAYNEQFF,1.2825456641923113e-06
CASSSRTDTQYF,8.703967770510872e-07
CASSVSTDTQYF,4.091667693462875e-07
CASSPRGGETQYF,7.174980591743169e-07
CASSLGGAYNEQFF,8.376696771232383e-07
CASSLPGTDTQYF,6.079193705120381e-07
CASSPGSYNEQFF,8.712586576224526e-07
CASSLSGQETQYF,5.642337794974313e-07
CASSPGGGTDTQYF,9.551824346968923e-07
CASSLLTDTQYF,6.804215287074081e-07
CASSQGGYEQYF,2.9674162527480176e-06
CASSLAGGDTQYF,5.995264074162703e-07
CASSLGPSTDTQYF,3.613533916422197e-07
CASSASTDTQYF,6.04159246976e-07
CASSLGRAYEQYF,1.3354166856845043e-06
CASSLTGQETQYF,8.013416072149702e-07
CASSLGEETQYF,1.279029683381909e-06
CASSRTYEQYF,3.0279845381808836e-06
CASSPTSGSTDTQYF,2.3292135634552554e-07
CASSLRGDTQYF,7.142920972670873e-07
CASSPGSSYNEQFF,6.204776420638907e-07
CASSGDSYEQYF,1.6408970490909663e-06
CASSQGSYEQYF,2.8841730636902235e-06
CASSPGGTGELFF,1.0069205027132272e-06
CASSLLGYEQYF,1.1924625255727318e-06
CASSATDTQYF,4.7292886237817717e-07
CASSLQGGETQYF,4.214936809218592e-07
CASSNSYEQYF,7.532896100904218e-07
CASSLYTDTQYF,4.148055187747186e-07
CASSLAGRETQYF,6.769785132331175e-07
CASSLTETQYF,7.89215406455695e-07
CASSLETDTQYF,3.074634070094971e-07
CASSGGYEQYF,6.84129586864325e-06
CASSRTGYEQYF,2.229041126115042e-06
CASSLGLAGSYEQYF,6.025615824352545e-07
CASSLAGANTGELFF,3.5005325372728153e-07
CASSLGRGETQYF,7.136184387567771e-07
CASSLSGGETQYF,5.018357525554733e-07
CASSGTDTQYF,1.8216343916338225e-06
CASSLGGGGTDTQYF,5.924791856023648e-07
CASSSDYEQYF,1.2862391760020273e-06
CASSFKETQYF,2.2862396257962098e-07
CASSPTGELFF,5.268495264920797e-07
CASSRTSGSTDTQYF,2.8415636976044615e-07
CASSLGTSSYNEQFF,2.557554645415336e-07
CASSPSGYEQYF,1.4866750289559639e-06
CASSLVGQETQYF,4.0240119191118503e-07
CASSFSETQYF,2.780211810540104e-07
CASSDGYEQYF,1.0575942194115849e-06
CASSQSTDTQYF,3.314202914804744e-07
CASSTGYEQYF,2.9794579468698297e-06
CASSSTGYEQYF,1.2446035942512973e-06
CASSAGYEQYF,2.390754672808563e-06
CASSTTGNTEAFF,2.943657299357088e-07
CASSEQETQYF,4.718806344872146e-07
CASSQGDYGYTF,9.664260153548456e-07
CASSLTSGGTDTQYF,2.248102864326322e-07
CASSATGNTEAFF,3.1224191173916695e-07
CASSLGGTYNEQFF,3.9349334156605826e-07
CASSLGQGTGELFF,4.656486801390734e-07
CASSLKDTQYF,1.4135986240247786e-07
CASSLGQGSTDTQYF,2.365949047423581e-07
CASSNQETQYF,1.6334740516755251e-07
CASSLTYNEQFF,7.308027684626452e-07
CASSFRGTDTQYF,7.609101997379841e-07
CASSGGSSYNEQFF,9.738731236873837e-07
CASSVGGSTDTQYF,2.9417845150535965e-07
CASSQGPYEQYF,1.6357577442521027e-06
CASSPRSTDTQYF,5.793064183345195e-07
CASSFLETQYF,3.1253515976894904e-07
CASSVGYEQYF,1.3493684790208705e-06
CASSYRETQYF,7.475269347325017e-07
CASSHQETQYF,3.027839096200851e-07
CASSSTSTDTQYF,3.851984293270542e-07
CASSGQETQYF,2.1424026192121744e-06
CASSRGSSYNEQFF,9.367025968171199e-07
CASSLGTGQETQYF,4.655347975839538e-07
CASSLGAQETQYF,5.183041188257868e-07
CASSSFYEQYF,4.1352037341891744e-07
CASSIGGNQPQHF,4.223085474485901e-07
CASSLGGAETQYF,5.881191570673917e-07
CASSPDTDTQYF,4.6647515224214737e-07
CASSLVYNEQFF,5.739232755205454e-07
CASSGGTDTQYF,2.867934617343975e-06
CASSPGADTQYF,8.362955004068901e-07
CASSQGGEQYF,1.2070371199559484e-06
CASSLQGQETQYF,6.183645123065031e-07
CASSPSGTDTQYF,8.494934437244496e-07
CASSLASGSYNEQFF,2.1031680645340612e-07
CASSESYEQYF,9.930470881244581e-07
CASSPDSSYEQYF,5.544148093688104e-07
CASSYSETQYF,2.7709928231873374e-07
CASSRGGQETQYF,1.6873507549964345e-06
CASSLVGGGTDTQYF,2.0236135049549328e-07
CASSAGETQYF,1.3137090741600205e-06
CASSRDTDTQYF,8.668689369367096e-07
CASSLDGTDTQYF,3.1547089881483715e-07
CASSTGETQYF,1.566829507023746e-06
CASSLEGSYEQYF,9.441535621770011e-07
CASSRGLQETQYF,4.2925596943549136e-07
CASSGTGGTDTQYF,4.6328939755123247e-07
CASSDQETQYF,6.102169135037877e-07
CASSLGRDTQYF,6.119601565127438e-07
CASSLPTDTQYF,4.002248263319363e-07
CASSSGGSTDTQYF,5.964461584892824e-07
CASSPSETQYF,5.478694717160953e-07
CASSLGDSYNEQFF,2.8217731246732443e-07
CASSIGTDTQYF,3.9162942741463476e-07
CASSEAYEQYF,1.121759989893665e-06
CASSLGRGQETQYF,4.7131078327459483e-07
CASSWGETQYF,1.0048893508864515e-06
CASSLGLANTGELFF,1.6450021943491523e-07
CASSSGGSYEQYF,2.1597085475945723e-06
CASSWGYEQYF,2.2572219465033315e-06
CASSFRGYEQYF,1.960404324840747e-06
CASSLQGDTQYF,3.2175088511584484e-07
CASSSGTSTDTQYF,4.429080056691854e-07
CASSRGGYEQYF,5.211398392197144e-06
CASSQDRGYEQYF,9.69007836794393e-07
CASSVGSTDTQYF,3.105607230620077e-07
CASSLPGYEQYF,1.4155328311117362e-06
CASSLDETQYF,5.337041121299632e-07
CASSLDRSTDTQYF,1.9117315252917442e-07
CASSLSGGGTDTQYF,2.05021836428885e-07
CASSPGLGETQYF,2.814173388726618e-07
CASSLAASTDTQYF,2.874629689343505e-07
CASSRAYEQYF,4.535216021444801e-06
CASSLGGVETQYF,4.5557173271552354e-07
CASSLGGLETQYF,5.556883380766687e-07
CASSLGGKETQYF,5.192183648060279e-07
CASSPGPNYEQYF,9.484865104471958e-08
CASSLDGSTDTQYF,1.11219781993369e-07
CASSFSGYEQYF,7.214947457231e-07
CASSISYEQYF,8.331853890108699e-07
CASSESTDTQYF,4.0145026152889005e-07
CASSVGSYNEQFF,3.124544902524795e-07
CASSRNYEQYF,7.019369030500215e-07
CASSLGQNYEQYF,1.5561030189233927e-07
CASSGTGELFF,1.103940069218274e-06
CASSLFTDTQYF,1.8508485435220145e-07
CASSLGQPYEQYF,3.27723442665817e-07
CASSQNYEQYF,2.529994543221169e-07
CASSLWETQYF,1.1918382919062462e-07
CASSDTGELFF,5.953302037842908e-07
CASSLGREQYF,8.669713208655968e-07
CASSRGSYNEQFF,1.4297162057385772e-06
CASSFGSSYNEQFF,1.5978799907024293e-07
CASSAGTGSYEQYF,3.0951532957269457e-07
CASSGTGYEQYF,2.5592947613147076e-06
CASSLLSTDTQYF,3.994526418549185e-07
CASSSKETQYF,5.029041225689465e-07
CASSYGTDTQYF,4.897400183016305e-07
CASSDSTDTQYF,7.633808654920321e-07
CASSERETQYF,6.118467225540203e-07
CASSLESTDTQYF,2.7616405757411317e-07
CASSLGVGETQYF,1.5983702336676345e-07
CASRQGYEQYF,2.3590894653438672e-06
CASSPDSTDTQYF,3.4932716245905707e-07
CASSPLADTQYF,3.672503028861049e-07
CASSLLYNEQFF,6.536943227434652e-07
CASSPSGQETQYF,6.084122271679387e-07
CASSRRETQYF,1.7449398075736098e-06
CASSLRGRETQYF,5.366597821361942e-07
CASSLITDTQYF,2.4457630985443267e-07
CASSISTDTQYF,2.8166453006904967e-07
CSVGSGGTNEKLFF,1.1045996586078267e-09
CASSLRGGGTDTQYF,3.5119754805905876e-07
CASSPLGYEQYF,8.683059410625663e-07
CASSLSRETQYF,4.673514331419192e-07
CASSSHYEQYF,6.187561034672888e-07
CASSYSGSSYNEQFF,1.2597063104592083e-07
CASSETDTQYF,3.827841863483699e-07
CASSRGGSYEQYF,2.9051874132163412e-06
CASSLMETQYF,5.778982653940886e-08
CASSLGAGETQYF,3.385373658444149e-07
CASSLGGPTDTQYF,4.548691485594212e-07
CASSFQGYEQYF,7.369901650301258e-07
CASSSDTDTQYF,4.3954792828565497e-07
CASSQQGYEQYF,6.927670564403061e-07
CASSLSGEETQYF,2.886749805694462e-07
CASSTRETQYF,7.847009493157861e-07
CASSIRETQYF,3.997377626008659e-07
CASSTQGYEQYF,6.4046050619577e-07
CASSADSYEQYF,6.126270758574493e-07
CASSAGTDTQYF,1.0706330680804252e-06
CASSSVYEQYF,8.154818278904063e-07
CASSLGTDYEQYF,3.237993326622809e-07
CASSSGPNYEQYF,6.966268159735539e-08
CASSPTGTDTQYF,5.814116588413822e-07
CASSLGPNYEQYF,1.2160065127025162e-07
CASSLWGGETQYF,2.5573974554669673e-07
CASSIGYEQYF,7.499824146284148e-07
CASSRGGDTQYF,1.133956425043197e-06
CASSLLGQETQYF,4.908530430759845e-07
CASSWDRGYEQYF,5.357926503083796e-07
CAIGTGDSNQPQHF,1.0952424100139642e-08
CASSLGTGETQYF,7.301663974952157e-07
CASSYGSYEQYF,6.76068893914044e-07
CASSPALNTEAFF,1.7126748827724894e-07
CASSDSGGGTDTQYF,7.908282377143471e-08
CASSSGGRETQYF,4.354467529968313e-07
CASSRGQGSYEQYF,5.85354500794018e-07
CASSAGGNQPQHF,1.2148311672461961e-06
CASSQRETQYF,6.00649235377503e-07
CASSRTTDTQYF,6.795983617228119e-07
CASSHGETQYF,3.319594221113661e-07
CASSLGQLYEQYF,1.7821595473406674e-07
CASSPDRGYEQYF,9.299184839050354e-07
CASSLHTDTQYF,2.4384177072029565e-07
CASSLLAGGSYNEQFF,1.5815574459622075e-07
CASSVQGYEQYF,7.496647285433695e-07
CASGSTDTQYF,3.7465461032290953e-07
CASSPSGGYEQYF,7.882668475828874e-07
CASSVGGSYEQYF,1.0386055330925129e-06
CASSFDSYEQYF,4.334156619681426e-07
CASSWTGYEQYF,1.0524393726932357e-06
CASSITGELFF,1.845688261362794e-07
CASSQEGYEQYF,7.077091910231996e-07
CASSRGADTQYF,1.2083917480116478e-06
CASSPATDTQYF,3.579867293481031e-07
CASSEQGYEQYF,7.836758989427522e-07
CASSFSGETQYF,4.0389656388802334e-07
CASSLGPGETQYF,2.9662328694065637e-07
CASSLRYNEQFF,1.0788429201149595e-06
CASSLGGNYEQYF,5.672692374988146e-07
CASSLTGGGTDTQYF,2.043976755402975e-07
CASSLGAAYEQYF,5.907715780915611e-07
CASSHSTDTQYF,3.391216823036599e-07
CASSVAGSTDTQYF,1.6593921260410648e-07
CASSLWGTDTQYF,2.354358156296403e-07
CASSPSADTQYF,2.2992116498991517e-07
CASSSGRNQPQHF,9.114557281576282e-07
CASSLSGGATDTQYF,6.02226405922141e-08
CASSYAYEQYF,5.050019401045698e-07
CASSRTSYEQYF,1.609954494071933e-06
CASSLKGYEQYF,6.141610163615251e-07
CASSLPGGETQYF,5.721582353588937e-07
CASSSDSTDTQYF,2.8549775744340663e-07
CASSLNGYEQYF,2.1681016622839067e-07
CASSPPGYEQYF,1.1238600115095103e-06
CASSQDRAYEQYF,7.372185828692851e-07
CASSVTYEQYF,8.043028797943141e-07
CASSLGPAYEQYF,4.787935275610794e-07
CASSVGSSYNEQFF,2.2261893070955196e-07
CASSPGGADTQYF,6.042799052904601e-07
CASSGRETQYF,1.931260604033323e-06
CASSLGVEQFF,1.8112228853397363e-07
CASSRLYEQYF,1.542024305982098e-06
CASSRGTGSYEQYF,3.454350052857468e-07
CASSQDRYEQYF,4.868356155810304e-07
CASSQGTGSYEQYF,3.17860386514886e-07
CASSLQDTQYF,1.9804343707217183e-07
CASSPEGYEQYF,8.780644838031496e-07
CASSLGSGGTDTQYF,1.1086228654417741e-07
CASSVDTDTQYF,1.93972921772281e-07
CASSEADTQYF,3.4384548476239056e-07
CASSLQSTDTQYF,1.4117601314986e-07
CASSQGPNYEQYF,5.758462481671024e-08
CASSTDSYEQYF,5.825433954738333e-07
CASSLASSTDTQYF,1.9032676968649235e-07
CASSLGYNQPQHF,1.573214903103985e-07
CASSLDPSTDTQYF,8.229393959440166e-08
CASSLAASSYNEQFF,1.2900244725268214e-07
CASSGDSTDTQYF,3.7894400414609433e-07
CASSPGRGTDTQYF,3.892460388190635e-07
CASSLIDTQYF,1.4824372608912348e-07
CASSLGQGRTDTQYF,1.2791246011352215e-07
CASSLKGTDTQYF,2.3448618572301248e-07
CASSQVRNTEAFF,1.442964126861472e-07
CASSYGTGSYEQYF,2.0879875641536892e-07
CASSLGQDYEQYF,2.9382229302530434e-07
CASSRGGEQYF,2.11187236326218e-06
CASSPDSSYNEQFF,1.9357771202738934e-07
CASSPVTDTQYF,2.76527672749904e-07
CASSKGYEQYF,1.1841778445170356e-06
CASSQTGYEQYF,7.253885799073603e-07
CASSLDGDTQYF,1.4201293838907815e-07
CASSVTSGSTDTQYF,9.50223799151811e-08
CASSVGGYNEQFF,5.634207958713042e-07
CASSQVGYEQYF,3.696362652858585e-07
CASSQVYEQYF,6.015363027688082e-07
CASSARETQYF,7.119223161271873e-07
CASSYGGTGELFF,2.44374191881949e-07
CASSLGSGSTDTQYF,1.0545801941403678e-07
CASSEGSSYNEQFF,3.100276855808085e-07
CASSLWGYEQYF,6.79905139742735e-07
CASRF,8.66014834387043e-09
CASSWDSYEQYF,8.151131812042658e-07
CASSVRETQYF,6.207059966635585e-07
CASSQGSSYNEQFF,3.908181962938908e-07
CASSLALSTDTQYF,1.291778925247014e-07
CASSLGQVYEQYF,3.0167831068951107e-07
CASSVAYEQYF,7.74623686715837e-07
CASSWTDTQYF,2.4914368435709844e-07
CASSSDSSYNEQFF,1.5980280195384095e-07
CASSYADTQYF,1.8039926339950905e-07
CASSWDSTDTQYF,2.0585751838645083e-07
CASSLISTDTQYF,1.5336347494086058e-07
CASSLGGGATDTQYF,1.4406634494191056e-07
CASSSGGADTQYF,5.141832362081883e-07
CASSYRDTQYF,3.4437957483210066e-07
CASSRSGSTDTQYF,1.796909295102503e-07
CASSLLGGGTDTQYF,1.6520011591091767e-07
CSVGAGGTNEKLFF,1.3684538815602778e-09
CASSLEGGGTDTQYF,1.8849837656405254e-07
CSVGQGGTNEKLFF,4.552762912254022e-09
CASSFSGGATDTQYF,2.0901801963469263e-08
CASSYGSSYNEQFF,1.5087028422389648e-07
CASSLARSTDTQYF,2.2704120156477657e-07
CASSSQYEQYF,3.8082038575837444e-07
CASSLLGGSTDTQYF,1.3025334669819494e-07
CASSPRVTDTQYF,2.545497630639972e-07
CASSQTSYEQYF,4.992655024375698e-07
CASSLSEETQYF,3.200054459861451e-07
CASSPSGGGTDTQYF,1.4112190189883647e-07
CASSWDSQETQYF,1.1086161892444848e-07
CASSLATSTDTQYF,1.6853758749567202e-07
CASSGGGTGELFF,1.1200155890156455e-06
CASSRRTDTQYF,1.149646775774226e-06
CASSLAPSTDTQYF,1.5244986598026864e-07
CASSLFGTDTQYF,9.178219030117279e-08
CASSLYSTDTQYF,1.646766848057155e-07
CASSLIETQYF,3.2201929177420383e-07
CASSYDSYEQYF,4.11974054087194e-07
CASSATGELFF,3.359304499946948e-07
CASSRRYEQYF,2.442390564652064e-06
CASSFTETQYF,2.29751475918485e-07
CASSQYYEQYF,3.3644849392869805e-07
CASSQVGGYEQYF,3.1199666789342004e-07
CASSGTSYEQYF,2.0267584814979286e-06
CASSTAYEQYF,1.3428690942716943e-06
CASSLDGQETQYF,2.3456718486277666e-07
CASSLQTDTQYF,1.5732361618423122e-07
CASSLQYNEQFF,2.0177186084356113e-07
CASSLPDTQYF,4.0456321311841407e-07
CASSSEYEQYF,4.858284499135717e-07
CASSFTGTDTQYF,2.1088498904435796e-07
CASSFTSGSTDTQYF,8.4206240053969e-08
CASSYGADTQYF,2.1533963542277833e-07
CASSLSSGGTDTQYF,1.1875988228673396e-07
CASSLGEDTQYF,2.8845341535443614e-07
CASSDRETQYF,1.1756853044763735e-06
CASSYSGTDTQYF,3.5123232049915795e-07
CASSKDSYEQYF,4.028541780162105e-07
CASSETGYEQYF,8.24205918436799e-07
CASSFTGYEQYF,5.527484997420571e-07
CASSSSETQYF,5.657414617527403e-07
CASSVRGTDTQYF,5.40799714411291e-07
CASTLGETQYF,2.277676023301142e-07
CASSRYTDTQYF,3.1734270232281857e-07
CASSGDRGYEQYF,8.132272971183965e-07
CASSQLYEQYF,5.286186230332513e-07
CASTF,8.23368951901562e-09
CASSVDSTDTQYF,1.4963633798512556e-07
CASSLSGDNEQFF,2.6294815365300653e-07
CASSIGGTGELFF,1.7406788441121766e-07
CASSESGSSYNEQFF,7.367962477197776e-08
CASSLYETQYF,1.5354376687190844e-07
CASSFDRGYEQYF,3.1568799510058767e-07
CASSWQETQYF,2.0940739564768056e-07
CASSAGSSYNEQFF,3.3422967606965076e-07
CASSTGSSYNEQFF,3.647126560605012e-07
CASSVDSYEQYF,5.869024852844904e-07
CASSPETDTQYF,1.9646090794111825e-07
CASSLIGTDTQYF,1.8419574037661427e-07
CASSPGGGGTDTQYF,2.530520951534084e-07
CASSDGSSYNEQFF,1.4417487517206037e-07
CASSLGNTQYF,8.803449453944108e-08
CASSFAGSTDTQYF,5.920353861613216e-08
CASSHGYEQYF,6.565784251240267e-07
CASSLAQGSYNEQFF,6.658166079515617e-08
CASSVEDTQYF,1.0968059485943578e-07
CASSKQETQYF,2.1089448679534493e-07
CASSLVAQETQYF,9.841297702592132e-08
CASSLGQTQYF,1.9148106020232957e-07
CASSQSGYEQYF,3.322075544860389e-07
CASSRYYEQYF,8.327703883180153e-07
CASSLWSTDTQYF,6.885014592281967e-08
CASSRGPSYEQYF,8.574842386817704e-07
CASRLGETQYF,4.7104366658555284e-07
CASSQARNTEAFF,2.0568901314775993e-07
CASSLVVQETQYF,7.345441377295573e-08
CASSHGTDTQYF,3.161682011239016e-07
CASSLALSSYNEQFF,9.669477161129391e-08
CASSRAGSTDTQYF,1.5440118023868295e-07
CSARGSYEQYF,1.022095485869503e-06
CASSDAYEQYF,6.090938624546136e-07
CASSKTDTQYF,1.7357551196287123e-07
CASSHRETQYF,5.215077098289461e-07
CASSNRETQYF,3.73972966548041e-07
CASSIGSSYNEQFF,1.1870810269231275e-07
CASSEGGRETQYF,2.7751976197081675e-07
CASSWGSSYNEQFF,2.281895329701402e-07
CASSSTETQYF,5.322862333595218e-07
CASSQFYEQYF,2.0056655994848474e-07
CASSVAGDTQYF,2.038131619600246e-07
CASSRGFQETQYF,1.6012998380904139e-07
CASSQIYEQYF,2.6046182379131426e-07
CASSTTGYEQYF,5.683957282789743e-07
CASSSWETQYF,1.1863605490728545e-07
CASSWSYEQYF,4.270822407922622e-07
CASSFDSTDTQYF,1.0951810631994699e-07
CASSWSTDTQYF,1.8534934462384866e-07
CASRV,0.0
CASSDGTDTQYF,5.121777654386473e-07
CASSLAAGETQYF,1.975510343463857e-07
CASSRQYEQYF,7.778972032214971e-07
CASSPRGGEQYF,6.155984458767597e-07
CASSQGLGQPQHF,7.641803057010985e-08
CASSLYGYEQYF,2.2650832850086223e-07
CASSLAGWETQYF,7.984400617968023e-08
CASSLWTDTQYF,9.820240127718965e-08
CASSLGPGQETQYF,2.383542232582612e-07
CASSYDRGYEQYF,2.8698521447199747e-07
CASSLTASSYNEQFF,5.234381904580744e-08
CASSHTGNTEAFF,1.2578361052356636e-07
CASSLSLSSYNEQFF,5.73011258041841e-08
CASSVSGTDTQYF,2.403174439826284e-07
CASSLRAQETQYF,3.092000382598641e-07
CASSEDSYEQYF,6.787335370342888e-07
CASSQAGSTDTQYF,1.5215397193240977e-07
CASSPAGSTDTQYF,1.5975860651402186e-07
CASGF,1.0575928920280012e-08
CASSQERNTEAFF,1.3118509718584202e-07
CASSLMDTQYF,2.410378024727905e-08
CASSLGQHYEQYF,8.478024510323317e-08
CASSLERDTQYF,1.6045946744144543e-07
CASSLGPKETQYF,1.2054769233306344e-07
CASSYTSYEQYF,3.479272221830692e-07
CASSLGQRYEQYF,2.580502603911728e-07
CASSREYEQYF,8.96992406406086e-07
CASSLGRTQYF,2.200800381367115e-07
CASSQDGGYEQYF,4.411158844999621e-07
CASSHSGSSYNEQFF,6.832590130605966e-08
CASSIAGSTDTQYF,9.737323564004259e-08
CASSMGETQYF,2.1873669559497051e-07
CASSQDGMNTEAFF,6.295954845156096e-08
CASSSKYEQYF,2.3658033637935736e-07
CASSLYYNEQFF,2.930534251771255e-07
CASSNSGSSYNEQFF,5.2924294381070315e-08
CASSVDRGYEQYF,4.4276784139676833e-07
CSARSGHEQYF,3.689224210532153e-08
CASSLKGQETQYF,2.458146109964272e-07
CASSLKTDTQYF,1.2936925866124848e-07
CASSTGGTGELFF,5.242082282634606e-07
CASSKSTDTQYF,1.6509281048640127e-07
CASTGTDTQYF,9.27991197074571e-07
CASSRTGDTQYF,3.799392736718557e-07
CASSQEYEQYF,3.16851756779567e-07
CASSHDSYEQYF,2.2704887855263785e-07
CASSNGYEQYF,4.6579859190707236e-07
CASSLAESTDTQYF,1.0953775987460674e-07
CASSLLGGDTQYF,1.7756786279885384e-07
CASSLGKTQYF,1.2396960009728064e-07
CASSIDRGYEQYF,1.9845492937921236e-07
CASSITGTDTQYF,1.0788849838540747e-07
CASSLDDTQYF,1.94680162277834e-07
CASSLSAPQETQYF,1.240238257200124e-08
CASSFMETQYF,2.468599514278151e-08
CASSLYGTDTQYF,1.268151827751964e-07
CASSEGTGSYEQYF,2.2402259370405643e-07
CASSIDSSYEQYF,1.0306416848672611e-07
CASSLHSTDTQYF,1.1446745689663889e-07
CASSDGETQYF,5.279699678872642e-07
CSASDSYEQYF,1.5601322636327417e-07
CASSLHETQYF,1.1518188108750173e-07
CASSWRETQYF,3.372521757147562e-07
CASSRAGDTQYF,2.28088548661749e-07
CASSFWETQYF,6.245075050936827e-08
CASSITGYEQYF,2.8087617747685177e-07
CASSRETDTQYF,3.145647089994362e-07
CASSLFETQYF,1.0171271519176756e-07
CASSKGETQYF,6.065915554754227e-07
CASSLGPWETQYF,2.0339246396344176e-08
CASSLGVTQYF,9.231735004980426e-08
CASSLGATQYF,1.2307584053537396e-07
CASSTADTQYF,3.896062446902486e-07
CASSAGPNYEQYF,3.5306448352034625e-08
CASSLIGSYEQYF,2.0690094734376173e-07
CASSLYDTQYF,6.321320309759238e-08
CASSSLSSYNEQFF,1.946820383868879e-07
CASSISETQYF,1.4858474208280824e-07
CASSLFDTQYF,4.2454292329092064e-08
CASSGLGGTDTQYF,1.9173432528236963e-07
CASSKSYEQYF,4.054449106605912e-07
CASSYDSTDTQYF,1.0319964175852795e-07
CASSRSETQYF,5.838061191011023e-07
CASSWGGADTQYF,2.5192664784225e-07
CASSYHYEQYF,2.727017778700222e-07
CASSQLGYEQYF,3.179519200000582e-07
CASSLFYNEQFF,1.6055396766953326e-07
CASSLTLSSYNEQFF,4.5840363405088e-08
CASSRFYEQYF,5.785931420003764e-07
CASSLGQGTTDTQYF,4.4857536316006944e-08
CASSTDSSYEQYF,2.065942431828812e-07
CASSMSTDTQYF,7.419453480663895e-08
CASSLGVGQETQYF,1.0288802864351597e-07
CASNRGTDTQYF,3.11594316159767e-07
CASSMGYEQYF,3.929047399332515e-07
CASSLGGGTTDTQYF,8.741439051556057e-08
CASSYWETQYF,6.261092975677663e-08
CASSRPYEQYF,2.265447816933698e-06
CASSEGGGETQYF,4.3998170385569236e-07
CASSVYTDTQYF,1.3701925277646208e-07
CASSLMTDTQYF,4.5157768636527246e-08
CASSLIGQETQYF,1.2857948896111383e-07
CASSLGPTQYF,1.1249649281696967e-07
CASSRPGDTQYF,1.4881842231150994e-07
CASSRIYEQYF,6.964536630934077e-07
CASSVGNTDTQYF,5.974541409740527e-08
CASSMTDTQYF,8.280591585603506e-08
CASSIDSYEQYF,2.780420782523558e-07
CASSSESSYNEQFF,1.3337965192905657e-07
CASSLPETQYF,5.116868092550402e-07
CASSRVYEQYF,1.6075275349457587e-06
CASSVTGYEQYF,6.749334576510643e-07
CASSTTSYEQYF,4.250993900933213e-07
CASSIGGADTQYF,1.2189792328569776e-07
CASRGGPEAFF,2.828206898924105e-07
CASSRTGTGSSYNSPLHF,7.728406256846234e-09
CASSDDSYEQYF,3.4054447199475043e-07
CASSS,0.0
CASSVDSQETQYF,7.497223134000835e-08
CASSQHYEQYF,2.8955058853878533e-07
CAWSLGETQYF,3.41378459639949e-08
CASSLWDTQYF,5.4588776857181733e-08
CASSSVSSYNEQFF,1.2821835862030414e-07
CASSLAPSYNEQFF,1.2578906427507534e-07
CASSSASSYNEQFF,1.698754192475543e-07
CASNF,9.2050792906347e-09
CASSLLSGSYNEQFF,4.2742671349479155e-08
CASSLGEGQETQYF,1.7141793318245262e-07
CASSRGLEQYF,5.707043073214297e-07
CASSLGDGETQYF,1.2502766428032187e-07
CASSFHETQYF,3.694630372553509e-08
CASSVGEYNEQFF,7.951803452414445e-08
CASSLGGIETQYF,1.977232254939312e-07
CASSQPYEQYF,5.489562162077566e-07
CASSLLAPDTQYF,5.385371323517548e-08
CASSFSPTDTQYF,4.735686443884459e-08
CASSRHYEQYF,9.163950949504473e-07
CASSLAARETQYF,1.0216166567154834e-07
CASSKDRGYEQYF,2.830532834568497e-07
CASSNAYEQYF,2.310789767039913e-07
CASSKGSSYNEQFF,1.4730128483147309e-07
CASSP,0.0
CASSLGSTQYF,8.542728307817788e-08
CASSMQETQYF,4.8042169292591814e-08
CAGSF,6.797179156575794e-09
CASSVHYEQYF,2.674963092274931e-07
CASSSAGSTDTQYF,1.2615020641423075e-07
CASSLLPSTDTQYF,7.87160730753122e-08
CASSQQYEQYF,1.7198533060012855e-07
CASSFDETQYF,1.066534205343897e-07
CASSDDSTDTQYF,8.010275529786538e-08
CASSGSETQYF,5.555303402329643e-07
CASSLGDGQETQYF,7.673975754400744e-08
CASSRKYEQYF,3.0731889251868045e-07
CASSDLADTQYF,1.2102964801117262e-07
CASSMGSSYNEQFF,5.700193194537151e-08
CASSNGETQYF,2.432058676111672e-07
CASSLDASTDTQYF,5.910249825725055e-08
RASSF,0.0
CASSYGTGGQETQYF,4.4580082469205026e-08
CASSLGWGQETQYF,6.175563058197856e-08
CASSLGLTQYF,1.38454643070501e-07
CASSMRETQYF,1.1156684828373558e-07
CASSHQGYEQYF,3.3507653244280397e-07
CASSFLAGATDTQYF,2.4662528460040077e-08
CASSVGDSTDTQYF,6.677162024898909e-08
CASSLHGTDTQYF,9.052474757989474e-08
CASSPDSEETQYF,4.382598302862156e-08
CASSLGHTQYF,1.1367886498836662e-07
CASSLHGYEQYF,1.9963512407684826e-07
CASSSMETQYF,5.258030757924945e-08
CASSIQGGTDTQYF,7.423018875603648e-08
CASSSISSYNEQFF,7.317374000009347e-08
CASSNGGADTQYF,7.394424100639898e-08
CASSHGSSYNEQFF,9.192056938611019e-08
CASSPWETQYF,1.0606916806930423e-07
CASSLGTTQYF,1.2815700462762565e-07
CASSTRTSGGTDTQYF,2.007013957205505e-08
CASSDGGADTQYF,1.332040525709637e-07
CASSLAKSTDTQYF,3.6744306841854035e-08
CASSE,0.0
CASSNSTDTQYF,2.454966339495672e-07
CASSYGPNYEQYF,2.169928167376811e-08
CASSWQGYEQYF,2.638798636774395e-07
CASSFTGREQYF,5.158670102452242e-08
CASSDGTGGQETQYF,3.075629279500763e-08
CASSQKYEQYF,1.1397286299360285e-07
CASSRRTYNEQFF,2.3492034443616621e-07
CASSMDSYEQYF,1.8101036332432372e-07
CASILGETQYF,1.2757901167616604e-07
CASSHDSTDTQYF,5.376064965561359e-08
CASSMSYEQYF,1.5510462955774236e-07
CASIF,1.8286459584342894e-08
CASSTTGVEQYF,3.9927118351150745e-08
CASSETGEETQYF,1.402542476208963e-07
CASSVGPNYEQYF,3.48545690139258e-08
CASSNGGTGELFF,1.027212382937282e-07
CASSRTGGGSSYNSPLHF,1.4580992069608747e-08
CASSSGLAVDTQYF,1.6857509463993098e-08
CASSNSETQYF,1.2655057620345163e-07
CASSLAYSTDTQYF,4.800967065492496e-08
CASHF,1.1776620001728442e-08
CASSLPPSTDTQYF,7.351343174841255e-08
CASSFTGVEQYF,4.289062194761368e-08
CASSQPGYEQYF,3.439936436567749e-07
CASSLGWTQYF,3.437351960101942e-08
CASSLGGGETDTQYF,4.408966104817362e-08
CASSLRPGQETQYF,9.606087410653423e-08
CASSQGPLYEQYF,8.110974436331244e-08
CASSKGPNYEQYF,2.4455423315396664e-08
CASSLGQANEQYF,3.2527171748982745e-08
CASSRTGFRSSYNSPLHF,7.751468900262891e-10
CASSQGPFYEQYF,5.59304833581578e-08
CASSDAGSTDTQYF,3.6509234651616664e-08
CARSF,9.449969669441965e-09
CASSY,0.0
CASRGGLEAFF,8.04914841675884e-08
CASSWSETQYF,8.141642075821442e-08
CASSLGYGQETQYF,2.1892459944646032e-08
CASSTAGSTDTQYF,5.614117027193386e-08
CASSEVSGSTDTQYF,1.0881564434645184e-08
CASSIAGDTQYF,1.2081029693778382e-07
CAWSF,9.234598596560823e-10
CASSG,0.0
CASAF,3.219076146214494e-09
CASKF,0.0
CASSRGTGGQETQYF,6.699286076438252e-08
CASSQKGYEQYF,1.7842214851663998e-07
CASSMDSTDTQYF,4.521029445162983e-08
CASSLGMGQETQYF,2.0605803223461687e-08
CASSGRAQETQYF,2.2967206043370162e-07
CASSMDRGYEQYF,1.3696421135091729e-07
CASSRTGQGSSYNSPLHF,4.085797877407209e-09
CASSRTGIGSSYNSPLHF,9.448325476225656e-10
CASSRTGLRSSYNSPLHF,1.8878407014679683e-09
CASSWGTGGQETQYF,2.184406759393218e-08
CATSF,1.0770352272180792e-08
CASSIGPNYEQYF,1.4408410808852521e-08
CASSQ,0.0
CASSLAAGVGDTQYF,2.7240146772260797e-09
CASSLHDTQYF,4.028508689993285e-08
CASSLGIGQETQYF,3.6692685111544365e-08
CSATSGHEQYF,2.153700818799824e-08
CASSLARREQFF,4.994372185413525e-08
CASST,0.0
CASSLGFTQYF,1.863428630705098e-08
CASSLGITQYF,2.3260507330785587e-08
CASSR,0.0
CASSFGKNEQFF,2.6602870970751918e-08
CAISLGETQYF,2.2510288602117808e-08
CASSNGSSYNEQFF,7.1011419232397e-08
CASSHGTGGQETQYF,2.2059393157997293e-08
CASSRTGRGSSYNSPLHF,5.282412982786267e-09
CASSRTGRRSSYNSPLHF,2.8255743993381293e-09
CASSRTGLGSSYNSPLHF,2.8611527125582823e-09
CASSRTGTRSSYNSPLHF,1.9114088431524866e-09
CASSRTGVGSSYNSPLHF,3.2331918938374125e-09
CVSSF,3.861833968634566e-10
CASSRTGFGSSYNSPLHF,7.511533358201754e-10
CASSQFRNTEAFF,2.707850269999661e-08
CASSMGGADTQYF,6.898916981132626e-08
CASSMGPNYEQYF,1.0759561936575799e-08
CASQRGYEQYF,1.4067982389532725e-07
CASSNAGSTDTQYF,1.6782965049763944e-08
CASFF,1.7553601441522605e-08
CASSRTGGRSSYNSPLHF,9.225989085133525e-09
CASSRTGAGSSYNSPLHF,3.2359866018988885e-09
CASPF,1.1837002263002368e-09
CASQF,0.0
CASSMGTGGQETQYF,7.723480768209633e-09
CASSCTDTQYF,3.73164482574611e-07
CASSCRETQYF,3.2300488673895494e-07
CASSLPSGDTDTQYF,3.126607439563889e-08
CASSQWYEQYF,5.2240926921430274e-08
