CAAALYNFNKFYF,5.076151815322265e-07
CAAANFNKFYF,1.637409339850706e-06
CAAATQGGSEKLVF,1.369546787284247e-06
CAAAYNFNKFYF,2.690091611397084e-06
CAADNFNKFYF,6.402458437662339e-06
CAAETQGGSEKLVF,1.464605993455837e-06
CAAEYNFNKFYF,3.09703324990248e-06
CAAFYNFNKFYF,6.269271207677778e-07
CAAGDFNKFYF,5.274013422186414e-07
CAAGDNFNKFYF,1.8419367635028472e-06
CAAGFNKFYF,1.4944609683520427e-06
CAAGGNFNKFYF,6.643136884607946e-07
CAAGGYNFNKFYF,1.158033530839997e-06
CAAGLYNFNKFYF,1.1695769266241023e-06
CAAGNFNKFYF,4.742591250205757e-06
CAAGNNFNKFYF,1.1581613744951988e-06
CAAGRYNFNKFYF,8.427742002906759e-07
CAAGSYNFNKFYF,4.406491352993555e-07
CAAGYNFNKFYF,7.603294921434325e-06
CAAHFNKFYF,1.5500388639784036e-06
CAAHLYNFNKFYF,1.6149662461376417e-07
CAAHNFNKFYF,5.428879579443891e-06
CAAINFNKFYF,2.151962103032877e-06
CAAIYNFNKFYF,5.149654614655591e-06
CAAKDNFNKFYF,1.2708751571139121e-06
CAAKNFNKFYF,1.4163885013358666e-06
CAAKTQGGSEKLVF,2.0845288401357e-06
CAAKYNFNKFYF,4.093653089155611e-06
CAALLYNFNKFYF,7.222872283441932e-07
CAALNFNKFYF,2.4759821616284905e-06
CAALTQGGSEKLVF,4.5074949565061026e-06
CAALYNFNKFYF,7.554848089922553e-06
CAANAGNNRKLIW,1.6836203578368606e-05
CAANFNKFYF,9.832288666485696e-06
CAANNFNKFYF,7.342454477614282e-06
CAANYNFNKFYF,1.0247336801968565e-06
CAAPFNKFYF,1.304411204812086e-06
CAAPLYNFNKFYF,1.2318626857634925e-06
CAAPNFNKFYF,4.030282578885899e-06
CAAPTQGGSEKLVF,3.487094423118508e-06
CAAPYNFNKFYF,6.658115096173405e-06
CAAQGGSEKLVF,2.267510083727419e-05
CAAQTQGGSEKLVF,7.893465226817467e-07
CAAQYNFNKFYF,1.62305899637818e-06
CAARAYNFNKFYF,1.044115463211583e-06
CAARDNFNKFYF,3.5091777727509714e-06
CAAREYNFNKFYF,1.2532087931217607e-06
CAARGDNFNKFYF,5.217287846367289e-07
CAARGFNKFYF,5.965258997558526e-07
CAARGNFNKFYF,1.7335588238950394e-06
CAARGYNFNKFYF,2.9630469576918597e-06
CAARIYNFNKFYF,1.0770662408332972e-06
CAARKYNFNKFYF,8.56106871712801e-07
CAARLYNFNKFYF,1.918667595392939e-06
CAARNFNKFYF,4.669768259111089e-06
CAARNNFNKFYF,2.0796465892158374e-06
CAARPYNFNKFYF,1.3141230655913348e-06
CAARQYNFNKFYF,3.329425019302887e-07
CAARRYNFNKFYF,1.7859198442388064e-06
CAARSYNFNKFYF,9.117343011364782e-07
CAARVYNFNKFYF,1.8192346675487951e-06
CAARYNFNKFYF,1.04975324518194e-05
CAASADNFNKFYF,9.85056518660493e-07
CAASAGNFNKFYF,5.709609220902586e-07
CAASANFNKFYF,1.8029064121912235e-06
CAASANNFNKFYF,6.763522504426608e-07
CAASAYNFNKFYF,2.836549687490156e-06
CAASDGNFNKFYF,9.204751509118191e-08
CAASDNFNKFYF,4.219119966774961e-06
CAASDYNFNKFYF,5.66114995599795e-07
CAASEDNFNKFYF,7.10556735199785e-07
CAASEGNFNKFYF,2.8501177378130394e-07
CAASENFNKFYF,7.760004393514693e-07
CAASENNFNKFYF,4.279934206867087e-07
CAASEYNFNKFYF,2.2723448573652917e-06
CAASFNFNKFYF,7.569954696200256e-07
CAASGDNFNKFYF,1.8939300799694222e-06
CAASGGNFNKFYF,7.407204741125202e-07
CAASGHNFNKFYF,1.188303133096223e-06
CAASGLYNFNKFYF,1.2584331533559048e-06
CAASGNFNKFYF,3.4862945850188818e-06
CAASGNNFNKFYF,1.1931981335789525e-06
CAASGRNFNKFYF,3.568594705019863e-07
CAASGSNFNKFYF,4.5978025407735113e-07
CAASGYNFNKFYF,5.470616532789651e-06
CAASIGNFNKFYF,9.414411447577866e-07
CAASINFNKFYF,2.6436218951297975e-06
CAASINNFNKFYF,1.1276034812444453e-06
CAASIYNFNKFYF,5.492581824551331e-06
CAASKDNFNKFYF,1.0956930842565327e-06
CAASKGNFNKFYF,4.993321270179254e-07
CAASKNFNKFYF,1.1055174791552514e-06
CAASKNNFNKFYF,6.622629259182083e-07
CAASKYNFNKFYF,2.98655512804941e-06
CAASLGNFNKFYF,2.72051486082729e-07
CAASLLYNFNKFYF,5.778454448791538e-07
CAASLNFNKFYF,1.657641994607795e-06
CAASLYNFNKFYF,4.824393127507688e-06
CAASMDNFNKFYF,8.178824294687502e-07
CAASMGNFNKFYF,5.552716308202182e-07
CAASMNFNKFYF,6.277987235675023e-07
CAASMNNFNKFYF,4.302153209033687e-07
CAASNFNKFYF,7.728653304675834e-06
CAASNGNFNKFYF,1.612645010674624e-07
CAASNNFNKFYF,5.153062801859035e-06
CAASPLYNFNKFYF,9.87749861890253e-07
CAASPNFNKFYF,2.684134610180105e-06
CAASPNNFNKFYF,6.886921992737368e-07
CAASPYNFNKFYF,4.427060408065975e-06
CAASQDNFNKFYF,2.641673436214121e-07
CAASQGGSEKLVF,1.1236843478130747e-05
CAASQYNFNKFYF,1.0566300647867777e-06
CAASRDNFNKFYF,2.4495328719487827e-06
CAASRGNFNKFYF,1.0610928929144027e-06
CAASRNFNKFYF,3.102521660809486e-06
CAASRNNFNKFYF,1.4447246764013137e-06
CAASRSNFNKFYF,5.650929351875005e-07
CAASRYNFNKFYF,6.5706235588389755e-06
CAASSDNFNKFYF,8.926089882482091e-07
CAASSGNFNKFYF,3.591465736959739e-07
CAASSNFNKFYF,3.002523450625983e-06
CAASSNNFNKFYF,6.914400159646648e-07
CAASSYNFNKFYF,3.021602784725513e-06
CAASTDNFNKFYF,1.3822020983288219e-06
CAASTGNFNKFYF,6.537838975808354e-07
CAASTNFNKFYF,2.6030686979523953e-06
CAASTNNFNKFYF,9.523508389630457e-07
CAASTQGGSEKLVF,7.080072106383591e-06
CAASTYNFNKFYF,4.145647886473323e-06
CAASVGNFNKFYF,2.6303612092244986e-07
CAASVYNFNKFYF,3.02353738178383e-06
CAASWGNFNKFYF,8.771960216005771e-08
CAASYNFNKFYF,7.2911921341498505e-06
CAATDNFNKFYF,1.5755740376679587e-06
CAATEYNFNKFYF,5.643472103631854e-07
CAATFNKFYF,9.89015567754348e-07
CAATKYNFNKFYF,4.4970774908393817e-07
CAATLYNFNKFYF,1.8203001019108268e-06
CAATNFNKFYF,3.3024058814768537e-06
CAATPNTDKLIF,6.486262560641365e-07
CAATPYNFNKFYF,1.4137155066018347e-06
CAATRYNFNKFYF,1.2889598478862368e-06
CAATSYNFNKFYF,6.823222841336705e-07
CAATTYNFNKFYF,4.0687914410915e-07
CAATVYNFNKFYF,8.126997102552511e-07
CAATYNFNKFYF,5.285040177853692e-06
CAAVNFNKFYF,1.576034491651946e-06
CAAVTQGGSEKLVF,2.4572559632418836e-06
CAAVYNFNKFYF,3.959311786778094e-06
CAAYLYNFNKFYF,2.079566878296436e-07
CAAYNFNKFYF,1.4119254882584343e-05
CAAYNTDKLIF,8.402876017358366e-06
CAAYYNFNKFYF,4.033214310345973e-07
CACLTQGGSEKLVF,3.867056047382327e-07
CACLYNFNKFYF,2.4788018795058094e-07
CACNAGNNRKLIW,1.5265493669128451e-06
CADLTQGGSEKLVF,9.63545780704729e-07
CADLYNFNKFYF,1.2944361816802538e-06
CADNAGNNRKLIW,5.24960505112302e-06
CADNFNKFYF,9.318742538453342e-06
CADRYNFNKFYF,8.621152360055728e-07
CADYNFNKFYF,1.619858493360406e-06
CAEAYNFNKFYF,9.77978820611076e-07
CAEDNFNKFYF,2.6113552568967017e-06
CAEEYNFNKFYF,1.1356590036176003e-06
CAEGDNFNKFYF,6.705857941183513e-07
CAEGNFNKFYF,1.675270285537889e-06
CAEGYNFNKFYF,2.7641118650721736e-06
CAEIPYNFNKFYF,5.771523345446398e-07
CAEIYNFNKFYF,2.670817842174023e-06
CAEKYNFNKFYF,3.1465090956967074e-06
CAELTQGGSEKLVF,1.1470532855501827e-06
CAELYNFNKFYF,1.8974074396090034e-06
CAENDFNKFYF,3.199751283698531e-07
CAENFNKFYF,3.5458441399086954e-06
CAENNFNKFYF,4.835020261735806e-06
CAENNNFNKFYF,1.289291567573478e-06
CAEPYNFNKFYF,1.5775770976020604e-06
CAERDNFNKFYF,1.3768587083215045e-06
CAERGNFNKFYF,6.479918150874978e-07
CAERGYNFNKFYF,1.139272127327027e-06
CAERNFNKFYF,1.5926870027778347e-06
CAERNNFNKFYF,8.068661327925794e-07
CAERYNFNKFYF,3.680285517759661e-06
CAESDNFNKFYF,5.072125257315127e-07
CAESLYNFNKFYF,7.594609468062323e-07
CAESNFNKFYF,1.7446447140143343e-06
CAESPYNFNKFYF,6.014842440149949e-07
CAESQGGSEKLVF,2.8450670097256965e-06
CAESYNFNKFYF,1.5592632229003537e-06
CAETLYNFNKFYF,1.0145618566581807e-06
CAETPYNFNKFYF,7.990504986621502e-07
CAETYNFNKFYF,2.6396105345539185e-06
CAEVYNFNKFYF,1.519023265879047e-06
CAEYNFNKFYF,6.452283078134618e-06
CAEYNTDKLIF,2.6619373276375616e-06
CAFDNFNKFYF,5.385546552143188e-07
CAFGNFNKFYF,3.839445879532478e-07
CAFHNFNKFYF,6.781604791911009e-07
CAFIYNFNKFYF,5.077325360227641e-07
CAFLTQGGSEKLVF,7.698732647455169e-07
CAFLYNFNKFYF,8.327383485933878e-07
CAFNAGNNRKLIW,3.1162472650253692e-06
CAFNFNKFYF,1.567283789614599e-06
CAFNNFNKFYF,5.454827463334409e-07
CAFPQGGSEKLVF,1.640006887688132e-06
CAFPYNFNKFYF,7.059307325254757e-07
CAFQYNFNKFYF,1.7161665522544596e-07
CAFRDNFNKFYF,2.2084133054660345e-07
CAFRQGGSEKLVF,5.826351405664478e-07
CAFRYNFNKFYF,7.41666463372474e-07
CAFSNFNKFYF,3.491013049980939e-07
CAFSQGGSEKLVF,1.1665913901343963e-06
CAFTQGGSEKLVF,1.8114263792835881e-06
CAFVYNFNKFYF,3.2794497955618223e-07
CAFYNFNKFYF,1.090622349047296e-06
CAFYNTDKLIF,1.5587231886944112e-06
CAGAGYNFNKFYF,1.3098062816804327e-06
CAGAKYNFNKFYF,4.2578840749503543e-07
CAGALYNFNKFYF,1.548195679212797e-06
CAGAMEYGNKLVF,2.0792203154521102e-06
CAGANFNKFYF,2.5007571568489378e-06
CAGANYGGSQGNLIF,4.177303624401322e-06
CAGAQGGSEKLVF,1.2755259097255724e-05
CAGARYNFNKFYF,1.2618549108131936e-06
CAGAYNFNKFYF,4.115913666364433e-06
CAGDFNKFYF,2.0619228393852328e-06
CAGDLYNFNKFYF,3.5681774334869377e-07
CAGDNFNKFYF,7.008609440280925e-06
CAGDNYGGSQGNLIF,5.704429430581758e-07
CAGDQGGSEKLVF,3.248110196901831e-06
CAGDYNFNKFYF,5.869023458021948e-07
CAGEDNFNKFYF,6.603976799213464e-07
CAGEGNFNKFYF,2.767020756334357e-07
CAGENFNKFYF,8.483165956224711e-07
CAGENNFNKFYF,3.982482296190177e-07
CAGENYGGSQGNLIF,3.027993602170483e-06
CAGEQGGSEKLVF,1.5860214380758444e-06
CAGERNFNKFYF,1.0216157627679817e-07
CAGEYNFNKFYF,2.9430351105708825e-06
CAGFNYGGSQGNLIF,3.7685777269215363e-07
CAGGDFNKFYF,5.022050767484217e-07
CAGGDNFNKFYF,1.7314590477094507e-06
CAGGFNKFYF,1.3488835156263107e-06
CAGGGNFNKFYF,7.07918698335199e-07
CAGGGYNFNKFYF,1.2479547263290414e-06
CAGGLYNFNKFYF,1.1793412283509676e-06
CAGGNFNKFYF,4.195857848641539e-06
CAGGNNFNKFYF,1.0921177810900848e-06
CAGGNYGGSQGNLIF,7.026298623364204e-06
CAGGQGGSEKLVF,9.348697722514485e-06
CAGGYNFNKFYF,6.862717002936703e-06
CAGHFNKFYF,1.4416526336607928e-06
CAGHNFNKFYF,5.018467189430358e-06
CAGHNYGGSQGNLIF,5.402405694774747e-07
CAGHQGGSEKLVF,2.6498911779915905e-06
CAGHYNFNKFYF,4.267965182535919e-07
CAGINFNKFYF,7.170377397198867e-07
CAGINYGGSQGNLIF,4.290562747835499e-07
CAGIQGGSEKLVF,1.7194437434799214e-06
CAGIYNFNKFYF,2.154326303488025e-06
CAGKNYGGSQGNLIF,1.8346838462106845e-06
CAGKQGGSEKLVF,8.992058344583404e-07
CAGKYNFNKFYF,1.8044545328674442e-06
CAGLDNFNKFYF,7.922189287119231e-07
CAGLEYGGSQGNLIF,1.1462762186815066e-07
CAGLFYGGSQGNLIF,2.0260417561640033e-07
CAGLHYGGSQGNLIF,8.70448008427323e-07
CAGLIYGGSQGNLIF,1.7277542381057592e-07
CAGLKYGGSQGNLIF,9.356923768874913e-08
CAGLLYGGSQGNLIF,3.687424311463406e-07
CAGLLYNFNKFYF,6.786998728612648e-07
CAGLNFNKFYF,1.9125839271233186e-06
CAGLNNFNKFYF,5.536120771722889e-07
CAGLNYGGSQGNLIF,7.178228326631605e-06
CAGLNYGGSQGNLIL,0
CAGLNYGGSQGNLLF,0
CAGLNYGGSQGNPIF,0
CAGLPYGGSQGNLIF,6.260061576274613e-07
CAGLSYGGSQGNLIF,5.533486674450431e-07
CAGLTQGGSEKLVF,6.361330596274202e-06
CAGLTYGGSQGNLIF,2.3573868183711644e-07
CAGLVYGGSQGNLIF,2.5035089844849007e-07
CAGLYNFNKFYF,6.013422536745005e-06
CAGMNYGGSQGNLIF,6.403399775052364e-06
CAGMNYGGSQGNLLF,0
CAGNAGNNRKLIW,1.8529851315818843e-05
CAGNFNKFYF,9.674417865607919e-06
CAGNNFNKFYF,3.922558448255372e-06
CAGNNYGGSQGNLIF,3.043987439249866e-07
CAGPLYNFNKFYF,1.216820397377309e-06
CAGPNFNKFYF,3.1480514158503034e-06
CAGPNNFNKFYF,7.778748033748146e-07
CAGPQGGSEKLVF,1.328360551673559e-05
CAGPTQGGSEKLVF,5.039097121777705e-06
CAGPYNFNKFYF,5.251884635434042e-06
CAGQAGETSGSRLTF,0
CAGQAYGGSQGNLIF,3.631190920003793e-07
CAGQDNFNKFYF,5.855484499834718e-07
CAGQEYGGSQGNLIF,1.8185923185691706e-07
CAGQFYGGSQGNLIF,1.9221094901961355e-07
CAGQGGETSGSRLTF,0
CAGQGNFNKFYF,3.4291617021547156e-07
CAGQGYGGSQGNLIF,1.0260340448165498e-06
CAGQHYGGSQGNLIF,6.680740896005727e-07
CAGQIYGGSQGNLIF,2.068746891168565e-07
CAGQKYGGSQGNLIF,1.3124769538917325e-07
CAGQLFKAAGNKLTF,7.23397746093946e-08
CAGQLGNFNKFYF,1.7472444431717693e-07
CAGQLHKAAGNKLTF,2.323967529317397e-08
CAGQLNFNKFYF,3.716214223328504e-07
CAGQLNKAAGNKLTF,3.6801704532507736e-08
CAGQLYGGSQGNLIF,1.4169043210447528e-06
CAGQLYKAAGNKLTF,3.033478260953399e-08
CAGQLYNFNKFYF,8.261892051957198e-07
CAGQNFNKFYF,6.239968192828457e-07
CAGQNNFNKFYF,3.5986836161668614e-07
CAGQNYGGGQGNLIF,3.0604837257820325e-13
CAGQNYGGSQGNLIF,2.4355416397724087e-06
CAGQNYGGSQGNLLF,0
CAGQPYGGSQGNLIF,7.560497096308988e-07
CAGQQGETSGSRLTF,0
CAGQQYGGSQGNLIF,1.2889193355007776e-07
CAGQRNFNKFYF,2.1136118780120497e-07
CAGQRYGGSQGNLIF,6.884315232055724e-07
CAGQSGETSGSRLTF,0
CAGQSYGGSQGNLIF,5.814484972102209e-07
CAGQTQGGSEKLVF,2.553321170615928e-06
CAGQTYGGSQGNLIF,2.8752234715236806e-07
CAGQVYGGSQGNLIF,3.467301749245895e-07
CAGQWYGGSQGNLIF,5.8838311930449795e-08
CAGQYNFNKFYF,1.8240675702258922e-06
CAGQYYGGSQGNLIF,4.6218774383487295e-07
CAGRDFNKFYF,4.000177298668406e-07
CAGRDNFNKFYF,1.3772468232562233e-06
CAGRGNFNKFYF,5.713899672467086e-07
CAGRGYNFNKFYF,1.0075907080692346e-06
CAGRLYNFNKFYF,8.49290302522947e-07
CAGRNFNKFYF,2.5588380598025007e-06
CAGRNNFNKFYF,8.430990282514993e-07
CAGRQGGSEKLVF,6.00772960363775e-06
CAGRRYNFNKFYF,6.900247474308377e-07
CAGRSNFNKFYF,3.366268232885429e-07
CAGRYNFNKFYF,5.423724571544915e-06
CAGSLYNFNKFYF,5.065093511866909e-07
CAGSNFNKFYF,2.20709702519976e-06
CAGSNYGGSQGNLIF,2.3887628924867847e-06
CAGSQGGSEKLVF,8.768470483811152e-06
CAGSYNFNKFYF,2.4164768969892618e-06
CAGTLYNFNKFYF,2.738186422037536e-07
CAGTNYGGSQGNLIF,1.6568670154631204e-06
CAGTQGGSEKLVF,1.703446862445014e-05
CAGTYNFNKFYF,1.687069180602427e-06
CAGVDNFNKFYF,6.035927927713476e-07
CAGVGNFNKFYF,2.5972200441995255e-07
CAGVGYNFNKFYF,4.589937344744198e-07
CAGVLYNFNKFYF,5.945950530102581e-07
CAGVNFNKFYF,1.5928253783778417e-06
CAGVNYGGSQGNLIF,4.856274257753895e-06
CAGVQGGSEKLVF,3.6265372140679837e-06
CAGVYNFNKFYF,4.208211704756254e-06
CAGWNYGGSQGNLIF,1.1774425357003925e-06
CAGYNFNKFYF,1.5008734197683951e-05
CAGYNTDKLIF,9.639891050425212e-06
CAGYNYGGSQGNLIF,2.419435040584172e-07
CAGYYNFNKFYF,2.4465790279174116e-07
CAHLNYGGSQGNLIF,2.770408375543052e-07
CAHLTQGGSEKLVF,3.925562322644812e-07
CAHLYNFNKFYF,4.4348197705258595e-07
CAHNAGNNRKLIW,2.144874114728702e-06
CAHNFNKFYF,5.8458687452127194e-06
CAHSQGGSEKLVF,5.54737156531768e-07
CAHYNFNKFYF,6.318151002617943e-07
CAIGNFNKFYF,2.2037131653278565e-07
CAILNYGGSQGNLIF,3.7386900427127213e-07
CAILTQGGSEKLVF,4.783452474493961e-07
CAILYNFNKFYF,5.81981120782234e-07
CAINAGNNRKLIW,1.9374726565318088e-06
CAINFNKFYF,1.2642191975675716e-06
CAISQGGSEKLVF,7.224219647879559e-07
CAITQGGSEKLVF,3.3945718385606746e-06
CAIYNFNKFYF,2.9423359816810324e-06
CAKYNFNKFYF,2.3405696870071976e-06
CALALYNFNKFYF,3.8658290897407907e-07
CALANFNKFYF,1.0277251166570851e-06
CALAQGGSEKLVF,5.09157342406632e-06
CALATQGGSEKLVF,1.1251286106383506e-06
CALAYNFNKFYF,1.6849710708278026e-06
CALAYNTDKLIF,1.318922890360959e-06
CALCSGSARQLTF,5.491358178168609e-07
CALDETSGSRLTF,0
CALDLYNFNKFYF,3.7842359086873454e-07
CALDNFNKFYF,4.091539165723654e-06
CALDNTDKLIF,3.1074538707218754e-06
CALDQGGSEKLVF,1.620043708337198e-06
CALDSGSARQLTF,1.3826499872888226e-06
CALEDNFNKFYF,4.279335850409973e-07
CALEGNFNKFYF,1.761685488857888e-07
CALENFNKFYF,5.554234035963533e-07
CALEQGGSEKLVF,7.816227246872263e-07
CALESGSARQLTF,6.582653123290431e-07
CALETQGGSEKLVF,1.20107559507142e-06
CALEYNFNKFYF,1.8497428175257883e-06
CALFQGGSEKLVF,1.2756342248064069e-06
CALFSGSARQLTF,8.184830084660024e-07
CALGDFNKFYF,3.186447785877875e-07
CALGDNFNKFYF,1.107299491380773e-06
CALGGNFNKFYF,4.209307278760577e-07
CALGGYNFNKFYF,7.366346709216216e-07
CALGNFNKFYF,2.6902534792438127e-06
CALGNNFNKFYF,6.971105123215668e-07
CALGPYNFNKFYF,4.693008348546319e-07
CALGQGGSEKLVF,4.8991448650124385e-06
CALGSGSARQLTF,3.5413852525821204e-06
CALGTQGGSEKLVF,3.3299782224950766e-06
CALGTSGTYKYIF,3.5587534987383648e-06
CALGYNFNKFYF,4.31763735565022e-06
CALHNFNKFYF,2.8246585346104363e-06
CALHQGGSEKLVF,7.696784730253506e-07
CALHSGSARQLTF,4.946409353938536e-07
CALHYNTDKLIF,2.2048441614909734e-07
CALIDTSGTYKYIF,8.826252572164854e-08
CALIFTSGTYKYIF,9.336548366511016e-08
CALIGTSGTYKYIF,2.4279451085737265e-07
CALIHTSGTYKYIF,6.472736903929824e-08
CALIITSGTYKYIF,6.719816899085552e-08
CALIKTSGTYKYIF,2.842292124764154e-08
CALILTSGTYKYIF,1.6565534902143118e-07
CALINFNKFYF,1.276815415698539e-06
CALIQGGSEKLVF,2.8184405630337838e-06
CALIRTSGTYKYIF,1.8584110685266587e-07
CALIRYNFNKFYF,4.849804483003138e-07
CALIYNFNKFYF,3.0917213742637163e-06
CALIYNTDKLIF,9.306154815849456e-07
CALIYTSGTYKYIF,7.949717874190775e-08
CALKDNFNKFYF,7.63329386776833e-07
CALKETSGSRLTF,0
CALKGNFNKFYF,3.523989157608804e-07
CALKNFNKFYF,8.297492726721167e-07
CALKQGGSEKLVF,1.4411559856819233e-06
CALKSGSARQLTF,9.461016979797887e-07
CALKTQGGSEKLVF,2.0777539330393556e-06
CALKYNFNKFYF,2.378452275990271e-06
CALKYNTDKLIF,6.82262522458933e-07
CALLDQGGSEKLVF,1.1875177770810662e-07
CALLETSGSRLTF,0
CALLLYNFNKFYF,3.562170061993895e-07
CALLNFNKFYF,1.214715765618647e-06
CALLSQGGSEKLVF,5.130424058864807e-07
CALLTQGGSEKLVF,3.316969575171489e-06
CALLYNFNKFYF,3.832899852849129e-06
CALMSGSARQLTF,2.5638484429042543e-07
CALNAGNNRKLIW,9.97709333316881e-06
CALNFNKFYF,6.100893089236141e-06
CALNNFNKFYF,4.4636990335179745e-06
CALNNTDKLIF,2.9789057519376864e-06
CALNSGSARQLTF,1.4626094856278396e-06
CALNYNTDKLIF,7.0198978523305e-07
CALPLYNFNKFYF,6.045328092631723e-07
CALPPYNTDKLIF,2.342731849595042e-07
CALPQGGSEKLVF,6.718586009368817e-06
CALPSGSARQLTF,3.070940478193228e-06
CALPTQGGSEKLVF,2.539184910460864e-06
CALPYNFNKFYF,3.2549094010590954e-06
CALPYNTDKLIF,1.7762710645677136e-06
CALQETSGSRLTF,0
CALQGGSEKLVF,1.1614752075947976e-05
CALQQGGSEKLVF,3.7273464876223664e-07
CALQSGSARQLTF,2.6168441487023574e-07
CALQTQGGSEKLVF,5.716284174298923e-07
CALQYNFNKFYF,7.93332357030465e-07
CALRAYNFNKFYF,7.358472590894981e-07
CALRDNFNKFYF,2.3143533510407805e-06
CALRDQGGSEKLVF,9.499975887735046e-07
CALREETSGSRLTF,0
CALRETSGSRLTF,0
CALREYNFNKFYF,8.780129474301103e-07
CALRGDNFNKFYF,3.791657324971425e-07
CALRGGNFNKFYF,1.3838549073270937e-07
CALRGNFNKFYF,1.2387778065113801e-06
CALRGYNFNKFYF,2.0875162307145703e-06
CALRHNFNKFYF,9.94812786233366e-07
CALRLYNFNKFYF,1.2843811434954897e-06
CALRNFNKFYF,2.7493222823143016e-06
CALRNNFNKFYF,1.3713779003577302e-06
CALRNTDKLIF,3.794826634487048e-06
CALRQGGSEKLVF,5.00750624406921e-06
CALRRYNFNKFYF,1.2436511106498947e-06
CALRSGSARQLTF,3.4076072544934594e-06
CALRTQGGSEKLVF,5.856866871314536e-06
CALRVYNFNKFYF,1.2379756931007902e-06
CALRYNFNKFYF,6.434717014303538e-06
CALSAETSGSRLTF,0
CALSANTDKLIF,1.6641016894576917e-06
CALSAQGGSEKLVF,5.083728258046025e-06
CALSATSGTYKYIF,1.7094229681911035e-06
CALSAYNFNKFYF,1.913425030105616e-06
CALSDAQGGSEKLVF,7.250409581490371e-07
CALSDDNFNKFYF,5.420087926085616e-07
CALSDDNTDKLIF,3.088150757063149e-07
CALSDEGGSEKLVF,5.572527625876393e-07
CALSDETSGSRLTF,0
CALSDGGGSEKLVF,4.112824621348372e-07
CALSDGNFNKFYF,4.1311527967812575e-07
CALSDGSARQLTF,1.4589207964884119e-06
CALSDHNFNKFYF,1.067238594556584e-06
CALSDLNFNKFYF,4.757758263664634e-07
CALSDNFNKFYF,3.405917258237881e-06
CALSDNNFNKFYF,4.3769376411533724e-07
CALSDNTDKLIF,2.689119999332668e-06
CALSDPNFNKFYF,7.489076133686415e-07
CALSDPQGGSEKLVF,2.3601957934274083e-06
CALSDPTSGTYKYIF,7.0271663959893e-07
CALSDQGGSEKLVF,3.3667910029086617e-06
CALSDQNFNKFYF,1.4287846316427543e-07
CALSDRGGSEKLVF,6.810440562142707e-07
CALSDRNFNKFYF,6.142328962425002e-07
CALSDSGGSEKLVF,2.649107278045663e-07
CALSDSNFNKFYF,3.698350992337495e-07
CALSDSQGGSEKLVF,1.2008486562826717e-06
CALSDSTSGTYKYIF,4.2321446828546386e-07
CALSDTQGGSEKLVF,1.3303811069125927e-06
CALSDWGGSEKLVF,1.4990451650605685e-07
CALSDYNFNKFYF,9.958835551214794e-07
CALSDYNTDKLIF,9.994384656659826e-07
CALSEAETSGSRLTF,0
CALSEAWNTDKLIF,1.4370323922938443e-07
CALSEAYNTDKLIF,1.9693453577820105e-06
CALSEDNFNKFYF,1.6067261956398464e-06
CALSEETSGSRLTF,0
CALSEGETSGSRLTF,0
CALSEGGSGTYKYIF,3.699415604177754e-07
CALSEGNFNKFYF,1.2320728869700227e-06
CALSEKTSGSRLTF,0
CALSENFNKFYF,1.3444016993511103e-06
CALSENNFNKFYF,9.42932119593543e-07
CALSEPQGGSEKLVF,2.314108157624414e-06
CALSEQETSGSRLTF,0
CALSEQGGSEKLVF,2.6422188894462653e-06
CALSERNFNKFYF,5.713573755182521e-07
CALSESGTYKYIF,1.5101559095173357e-06
CALSETQGGSEKLVF,3.4863646880491775e-06
CALSEYNFNKFYF,3.0627278740364233e-06
CALSEYNTDKLIF,1.5871826189937059e-06
CALSFQGGSEKLVF,7.156567452237876e-07
CALSFYNTDKLIF,1.956937277746653e-07
CALSGAQGGSEKLVF,1.7417683356152445e-06
CALSGDNFNKFYF,1.268774143575612e-06
CALSGEETSGSRLTF,0
CALSGETSGSRLTF,0
CALSGGETSGSRLTF,0
CALSGGGSEKLVF,2.212132693491769e-06
CALSGGNFNKFYF,6.082556089685676e-07
CALSGGSARQLTF,3.1002417322688175e-06
CALSGLYNFNKFYF,1.01400599775886e-06
CALSGNFNKFYF,2.109291853908424e-06
CALSGNNFNKFYF,8.058631758087131e-07
CALSGNTDKLIF,2.8005642209596165e-06
CALSGQGGSEKLVF,4.583204231598904e-06
CALSGRNFNKFYF,3.526961160102602e-07
CALSGVETSGSRLTF,0
CALSGYNFNKFYF,3.2586365553062915e-06
CALSGYNTDKLIF,1.618047327387277e-06
CALSHQGGSEKLVF,4.720858785785995e-07
CALSHSGTYKYIF,2.957204935671875e-07
CALSIQGGSEKLVF,5.092110314875592e-07
CALSISGTYKYIF,2.7980557200473205e-07
CALSIYNFNKFYF,6.385076116655632e-07
CALSKGGSEKLVF,1.1648315404668504e-06
CALSKQGGSEKLVF,2.8970114345707044e-07
CALSKYNFNKFYF,5.699228648500354e-07
CALSLETSGSRLTF,0
CALSLGSARQLTF,1.0136573985608813e-06
CALSLNTDKLIF,8.443981839580385e-07
CALSLQGGSEKLVF,1.4257891377343647e-06
CALSLYNFNKFYF,2.172669158212962e-06
CALSNFNKFYF,3.5464916154553903e-06
CALSNNFNKFYF,1.0622373205891515e-06
CALSNQGGSEKLVF,5.751696414705112e-07
CALSPETSGSRLTF,0
CALSPGSARQLTF,1.942810579247377e-06
CALSPNTDKLIF,1.339877286287695e-06
CALSPQGGSEKLVF,4.067179344445647e-06
CALSPYNFNKFYF,1.92642634869865e-06
CALSPYNTDKLIF,9.490666654004237e-07
CALSQETSGSRLTF,0
CALSQGGSEKLVF,9.942437497729348e-06
CALSQGSARQLTF,2.7324036162159726e-07
CALSQQGGSEKLVF,2.3185930431860276e-07
CALSQYNFNKFYF,4.6817649093245577e-07
CALSQYNTDKLIF,1.0443859875912853e-07
CALSRETSGSRLTF,0
CALSRGSARQLTF,1.2518444394878526e-06
CALSRNFNKFYF,8.214065416820931e-07
CALSRNTDKLIF,1.0020520652404629e-06
CALSRQGGSEKLVF,1.5853480281041745e-06
CALSRSGTYKYIF,7.90878863221325e-07
CALSRYNFNKFYF,1.701621473030654e-06
CALSRYNTDKLIF,5.597343832362946e-07
CALSSAGNNRKLIW,8.011714952469002e-07
CALSSETSGSRLTF,0
CALSSGSARQLTF,9.721493223387475e-06
CALSSQGGSEKLVF,2.835087053081294e-06
CALSSSGTYKYIF,1.3065919800635972e-06
CALSSYNFNKFYF,9.812957151731029e-07
CALSSYNTDKLIF,9.85383833160109e-07
CALSTETSGSRLTF,0
CALSTGSARQLTF,6.746110912716868e-07
CALSTNTDKLIF,3.842107393705759e-07
CALSTQGGSEKLVF,4.008002234286879e-06
CALSTSGTYKYIF,4.605751857770044e-06
CALSTYNFNKFYF,5.492146825370129e-07
CALSVETSGSRLTF,0
CALSVGNFNKFYF,2.3904535019768625e-07
CALSVGSARQLTF,1.398122360358071e-06
CALSVNFNKFYF,9.521281194200113e-07
CALSVPGSARQLTF,3.7307862810365757e-07
CALSVQGGSEKLVF,2.0816991727629546e-06
CALSVSGTYKYIF,1.1201900156883784e-06
CALSVYNFNKFYF,2.0781952688609176e-06
CALSVYNTDKLIF,7.859242293945366e-07
CALSWETSGSRLTF,0
CALSWGSARQLTF,2.2314396123277756e-07
CALSYGSARQLTF,2.1567262985929788e-07
CALSYNFNKFYF,3.4688407517319303e-06
CALSYNTDKLIF,4.290760876083615e-06
CALSYQGGSEKLVF,5.709624047821399e-07
CALTAQGGSEKLVF,1.2715217580520393e-06
CALTDNFNKFYF,9.689813055265278e-07
CALTLYNFNKFYF,1.1282145808511658e-06
CALTNFNKFYF,1.975165001721218e-06
CALTPYNFNKFYF,8.814312198191774e-07
CALTQGGSEKLVF,1.740808163279861e-05
CALTSGSARQLTF,3.146981541603596e-06
CALTTQGGSEKLVF,2.9813350663647905e-06
CALTTSGTYKYIF,4.590437422024151e-06
CALTYNFNKFYF,3.1619760793226528e-06
CALVNFNKFYF,9.485269449206395e-07
CALVNTDKLIF,1.3364346893449692e-06
CALVQGGSEKLVF,1.6763927859271933e-06
CALVSGSARQLTF,1.2631848960937652e-06
CALVTQGGSEKLVF,2.0550538276016313e-06
CALVYNFNKFYF,2.4186073352783194e-06
CALVYNTDKLIF,7.653883472858877e-07
CALWQGGSEKLVF,3.226316875212104e-07
CALYNFNKFYF,1.2056715699662359e-05
CALYNTDKLIF,4.882298519478285e-06
CALYSGSARQLTF,6.575506560220576e-07
CALYYNTDKLIF,2.9331946762491005e-07
CAMDNFNKFYF,4.5100187904505357e-07
CAMGNFNKFYF,3.468937201824436e-07
CAMGYNFNKFYF,5.512974525678822e-07
CAMLTQGGSEKLVF,2.747767414851731e-07
CAMNNFNKFYF,5.916607228748154e-07
CAMRDNFNKFYF,8.941730841329468e-07
CAMRDWALTGGGNKLTF,6.864016323255764e-10
CAMRDWELTGGGNKLTF,6.647195410333611e-10
CAMRDWGLTGGGNKLTF,1.7793990805005925e-09
CAMREAYNFNKFYF,3.734262600154693e-07
CAMREGGYNFNKFYF,6.003088554344907e-07
CAMREGLYNFNKFYF,5.447783828505062e-07
CAMREGNFNKFYF,7.313213168379602e-07
CAMREGPYNFNKFYF,4.895777668488813e-07
CAMREGRYNFNKFYF,5.042636057258862e-07
CAMREGYNFNKFYF,1.0664041584347828e-06
CAMREIYNFNKFYF,1.7123610399182049e-07
CAMRELYNFNKFYF,3.966361198122719e-07
CAMREVYNFNKFYF,4.341444340603268e-07
CAMREYNFNKFYF,8.226183035868651e-07
CAMRGNFNKFYF,5.315684851216753e-07
CAMRGVYNFNKFYF,1.2478896225556248e-07
CAMRGYNFNKFYF,8.4552116594892e-07
CAMRNFNKFYF,5.447143847150204e-07
CAMRSYNFNKFYF,1.9526621392347672e-07
CAMRYNFNKFYF,1.2708532723433184e-06
CAMSAYNFNKFYF,4.844729899948121e-07
CAMSDNFNKFYF,4.522993054215461e-07
CAMSEYNFNKFYF,2.336588939327284e-07
CAMSGGNFNKFYF,7.893168155378236e-08
CAMSGNFNKFYF,3.465831604802321e-07
CAMSLYNFNKFYF,5.119551073224938e-07
CAMSNFNKFYF,6.681772187348519e-07
CAMSPYNFNKFYF,4.6453998123049983e-07
CAMSQGGSEKLVF,1.5757007628291923e-06
CAMSRYNFNKFYF,4.0119039914650025e-07
CAMSYNFNKFYF,6.192711173680811e-07
CAMYNFNKFYF,4.7133146399804673e-07
CANNFNKFYF,3.801116340260421e-06
CAPGNFNKFYF,8.007063936135956e-07
CAPHNFNKFYF,2.0535260976326837e-06
CAPIYNFNKFYF,6.493374829807963e-07
CAPKGGSEKLVF,1.476951063914052e-06
CAPLTQGGSEKLVF,1.8993429328206812e-06
CAPLYNFNKFYF,2.0780679111437316e-06
CAPNAGNNRKLIW,7.99575977775195e-06
CAPNFNKFYF,4.8171878728740426e-06
CAPNNFNKFYF,1.336297182847246e-06
CAPQGGSEKLVF,1.6519965991140206e-05
CAPQYNFNKFYF,3.8706059597591485e-07
CAPRNFNKFYF,5.679070675130683e-07
CAPRYNFNKFYF,1.3763444579444164e-06
CAPSNFNKFYF,6.247335321380616e-07
CAPSYNFNKFYF,7.3112464913755e-07
CAPTYNFNKFYF,4.3503400579285166e-07
CAPVYNFNKFYF,9.417250698882613e-07
CAPYNFNKFYF,7.722601763028025e-06
CAQNAGNNRKLIW,1.4319539393709412e-06
CAQYNFNKFYF,2.411554207024346e-06
CARDNFNKFYF,2.655493940442511e-06
CARGNFNKFYF,1.1174123720657148e-06
CARLTQGGSEKLVF,1.4654602817292185e-06
CARLYNFNKFYF,1.6498471872513306e-06
CARNFNKFYF,4.285892467780322e-06
CARRYNFNKFYF,1.3464428765716255e-06
CARYNFNKFYF,8.072872415866193e-06
CARYNTDKLIF,3.450753673698762e-06
CASGYNFNKFYF,6.734796279239684e-07
CASIYNFNKFYF,3.3915084380265764e-07
CASLNYGGSQGNLIF,9.496829854825678e-07
CASLTQGGSEKLVF,1.4163406527678688e-06
CASLYNFNKFYF,1.134425768923902e-06
CASNAGNNRKLIW,5.896369045025373e-06
CASNFNKFYF,3.3570711922488965e-06
CASPYNFNKFYF,8.007209572233312e-07
CASQYNFNKFYF,2.0472815778171069e-07
CASRDNFNKFYF,1.1369148135382808e-07
CASRYNFNKFYF,7.122883300387746e-07
CASSQGGSEKLVF,2.1006891284948917e-06
CASVYNFNKFYF,4.669782630289618e-07
CASYNFNKFYF,3.883525997922736e-06
CASYNTDKLIF,4.136376655064112e-06
CATALYNFNKFYF,1.8741980172645165e-07
CATAYNFNKFYF,5.642603694724026e-07
CATDNFNKFYF,1.3046951994919252e-06
CATDYNFNKFYF,3.2695044390477245e-07
CATETQGGSEKLVF,1.2455453674929417e-06
CATGDNFNKFYF,3.368911989444309e-07
CATGGYNFNKFYF,2.602129668442629e-07
CATGNFNKFYF,6.775433884107204e-07
CATHNFNKFYF,7.767615191270028e-07
CATIYNFNKFYF,2.944709301151247e-07
CATKETSGSRLTF,0
CATKTQGGSEKLVF,3.6294384401779443e-07
CATLNYGGSQGNLIF,6.809033931355538e-07
CATLTQGGSEKLVF,1.3978525884417314e-06
CATLYNFNKFYF,8.78099302679143e-07
CATNAGNNRKLIW,2.9924679791511557e-06
CATNFNKFYF,1.7715882598837056e-06
CATQETSGSRLTF,0
CATQGGSEKLVF,1.4811031366642036e-05
CATRYNFNKFYF,6.542725944160523e-07
CATSNFNKFYF,3.146303660248034e-07
CATSQGGSEKLVF,2.1833146676797133e-06
CATSYNFNKFYF,3.6104539842929446e-07
CATTTQGGSEKLVF,3.767404534237097e-07
CATVYNFNKFYF,7.139387985823763e-07
CATYNFNKFYF,2.8245169008676033e-06
CATYNTDKLIF,1.9945460313916866e-06
CAVADNFNKFYF,3.9122728404180884e-07
CAVAEYNFNKFYF,1.2199215231277189e-07
CAVAGNFNKFYF,1.6271957035584595e-07
CAVAGYNFNKFYF,2.855973323618875e-07
CAVAIYNFNKFYF,1.3095176800189293e-07
CAVALYNFNKFYF,4.1752563038843087e-07
CAVANFNKFYF,1.0294087994771429e-06
CAVANNFNKFYF,2.6842611958616806e-07
CAVAPYNFNKFYF,3.0455724289396474e-07
CAVAQGGSEKLVF,9.469258513214802e-06
CAVARYNFNKFYF,2.7808010073187427e-07
CAVASYNFNKFYF,1.4777782187535702e-07
CAVATQGGSEKLVF,2.750186982047886e-06
CAVAYNFNKFYF,1.695042589089851e-06
CAVCTQGGSEKLVF,3.589720643631466e-07
CAVDDFNKFYF,5.981337642985985e-08
CAVDDNFNKFYF,2.0456259911405813e-07
CAVDETSGSRLTF,0
CAVDFNKFYF,1.160000223758335e-06
CAVDGYNFNKFYF,1.8415202497224014e-07
CAVDIQGGSEKLVF,6.02855339402575e-07
CAVDKQGGSEKLVF,1.816286923396739e-07
CAVDLQGGSEKLVF,5.668201620444086e-07
CAVDLYNFNKFYF,3.6277500275930977e-07
CAVDMQETSGSRLTF,0
CAVDNFNKFYF,3.868854104733069e-06
CAVDNNFNKFYF,1.8434172384160836e-07
CAVDNTDKLIF,4.330205053338067e-06
CAVDPYNFNKFYF,2.9487997555191647e-07
CAVDQGGSEKLVF,4.22196277499305e-06
CAVDRQGGSEKLVF,7.473854289575457e-07
CAVDRYNFNKFYF,2.530379675229791e-07
CAVDSQGGSEKLVF,1.3147507499899842e-06
CAVDSYNFNKFYF,1.4079067380222124e-07
CAVDTQGGSEKLVF,1.966253243296638e-06
CAVDVQGGSEKLVF,2.6051262466576407e-07
CAVDVYNFNKFYF,1.094368279192607e-07
CAVDYNFNKFYF,4.898163901417724e-07
CAVDYQGGSEKLVF,2.2697219064054972e-07
CAVEAYNFNKFYF,3.488959731759243e-07
CAVEDFNKFYF,2.1715168259579768e-07
CAVEDNFNKFYF,7.351707622572547e-07
CAVEDYNFNKFYF,1.0682575533490311e-07
CAVEEGNFNKFYF,4.831981426852688e-08
CAVEEYNFNKFYF,3.4576888334859575e-07
CAVEGDNFNKFYF,1.621199810571467e-07
CAVEGFNKFYF,1.297300908195153e-07
CAVEGGNFNKFYF,5.979550003027439e-08
CAVEGNFNKFYF,4.031129792496026e-07
CAVEGYNFNKFYF,6.590061408819738e-07
CAVELYNFNKFYF,4.63102624842414e-07
CAVENFNKFYF,7.245412122989228e-07
CAVENNFNKFYF,4.023026117259503e-07
CAVEPYNFNKFYF,3.7800786273829627e-07
CAVEQGGSEKLVF,2.4171952302152495e-06
CAVERDNFNKFYF,1.4116428378146955e-07
CAVERYNFNKFYF,4.99881812597915e-07
CAVESNFNKFYF,2.1207065345354456e-07
CAVESQGGSEKLVF,1.2706059061239078e-06
CAVETQGGSEKLVF,3.3638102002761993e-06
CAVETSGSRLTF,0
CAVEVQGGSEKLVF,5.338145234868155e-07
CAVEVYNFNKFYF,3.855624511773232e-07
CAVEYNFNKFYF,2.1618746707247216e-06
CAVFLYNFNKFYF,1.613928177396525e-07
CAVFNFNKFYF,5.852841448708901e-07
CAVFQGGSEKLVF,2.2820205748218666e-06
CAVFTQGGSEKLVF,7.612679526621902e-07
CAVFYNFNKFYF,3.0767304554085503e-07
CAVGADNFNKFYF,3.454979207236349e-08
CAVGAGNFNKFYF,1.2108372112364219e-08
CAVGAHNFNKFYF,3.6751788189190807e-08
CAVGAMEYGNKLVF,2.3732168897871218e-07
CAVGANFNKFYF,1.478848760059862e-07
CAVGANNFNKFYF,2.3626628189402636e-08
CAVGAPNFNKFYF,1.2787724635229755e-08
CAVGARNFNKFYF,8.567347588417256e-09
CAVGAYNFNKFYF,2.641623118733418e-07
CAVGDFNKFYF,3.208000009381347e-07
CAVGDNFNKFYF,1.113230071240811e-06
CAVGEGNFNKFYF,1.5049283258038925e-08
CAVGENFNKFYF,6.899701998355623e-08
CAVGEYNFNKFYF,3.2045723959122216e-07
CAVGFNKFYF,8.188005728149597e-07
CAVGGDNFNKFYF,1.246193911886877e-07
CAVGGFNKFYF,1.5184590896140662e-07
CAVGGGNFNKFYF,4.367429208697331e-08
CAVGGGYNFNKFYF,7.684710018100675e-08
CAVGGLYNFNKFYF,7.851444725346159e-08
CAVGGNFNKFYF,4.273081977092232e-07
CAVGGNNFNKFYF,7.832826609206872e-08
CAVGGYNFNKFYF,7.501123346970481e-07
CAVGHNFNKFYF,6.992203194744054e-07
CAVGIYNFNKFYF,3.3095249051196573e-07
CAVGLYNFNKFYF,7.320825583900292e-07
CAVGNFNKFYF,2.5955921317703385e-06
CAVGNNFNKFYF,7.010355822241676e-07
CAVGPMEYGNKLVF,3.5458708726038753e-07
CAVGPNTDKLIF,5.522824682078538e-07
CAVGPYNFNKFYF,4.77912066087377e-07
CAVGQGGSEKLVF,9.667175259487464e-06
CAVGQYNFNKFYF,1.2232232015420433e-07
CAVGRDNFNKFYF,8.576097086173659e-08
CAVGRNTDKLIF,4.6063080507833543e-07
CAVGRYNFNKFYF,5.463850103529154e-07
CAVGSNFNKFYF,2.6520083368594795e-07
CAVGSQGGSEKLVF,2.268274150368444e-06
CAVGSYNFNKFYF,2.849474221213582e-07
CAVGSYNTDKLIF,1.7318432317429062e-06
CAVGTQGGSEKLVF,6.841997523457086e-06
CAVGTYNFNKFYF,2.1313770533587355e-07
CAVGVGNFNKFYF,1.2115767199345046e-08
CAVGVNTDKLIF,2.943589470466554e-07
CAVGVQGGSEKLVF,5.970082650907989e-07
CAVGVYNFNKFYF,5.228753042271435e-07
CAVGYNFNKFYF,4.1870244113782955e-06
CAVGYNTDKLIF,3.1573739373196845e-06
CAVHFNKFYF,9.682869884840365e-07
CAVHLYNFNKFYF,2.673760852528863e-07
CAVHNFNKFYF,3.3390420955948145e-06
CAVHQGGSEKLVF,2.164219752713256e-06
CAVHTQGGSEKLVF,6.93539003256186e-07
CAVIGFNKFYF,4.2678245870602237e-08
CAVIGNFNKFYF,1.190757879862803e-07
CAVILYNFNKFYF,3.4714902148553647e-07
CAVINFNKFYF,7.926566646710741e-07
CAVINNFNKFYF,2.2499105143082465e-07
CAVIQGGSEKLVF,2.9085021376768287e-06
CAVITQGGSEKLVF,4.2867775802112294e-06
CAVIYNFNKFYF,2.0186141096320567e-06
CAVKDFNKFYF,1.71956324043139e-07
CAVKDNFNKFYF,5.872968460320812e-07
CAVKETSGSRLTF,0
CAVKGDNFNKFYF,9.108494060385505e-08
CAVKGFNKFYF,1.0151719385083746e-07
CAVKGNFNKFYF,2.984827411429071e-07
CAVKGYNFNKFYF,5.053263429551194e-07
CAVKLYNFNKFYF,3.0872221160099534e-07
CAVKNFNKFYF,6.22942495341457e-07
CAVKNNFNKFYF,3.54151677654805e-07
CAVKQGGSEKLVF,1.5833258656876695e-06
CAVKRDNFNKFYF,5.136401178123159e-08
CAVKRNFNKFYF,1.1317241865438431e-07
CAVKSNFNKFYF,1.542415198689271e-07
CAVKTQGGSEKLVF,2.307969382908525e-06
CAVKYNFNKFYF,1.9528993640311634e-06
CAVLAQGGSEKLVF,1.3396748802320648e-06
CAVLDNFNKFYF,5.947063698793422e-07
CAVLGNFNKFYF,2.307640508715834e-07
CAVLLYNFNKFYF,4.854811810966108e-07
CAVLNFNKFYF,1.3914635794636532e-06
CAVLQGGSEKLVF,4.8569341016247605e-06
CAVLSQGGSEKLVF,1.258260602736058e-06
CAVLSYNFNKFYF,1.8236766997425105e-07
CAVLTQGGSEKLVF,6.2229875013404546e-06
CAVLYNFNKFYF,4.19245081948628e-06
CAVMDFNKFYF,3.843175862006957e-08
CAVMDNFNKFYF,1.315378310550289e-07
CAVMGNFNKFYF,5.7793460563303176e-08
CAVMTQGGSEKLVF,3.8158420189978256e-07
CAVNADNFNKFYF,6.968473107098735e-08
CAVNAGNFNKFYF,4.459660767343422e-08
CAVNAGNNRKLIW,1.095166609544612e-05
CAVNANNFNKFYF,4.756656428778095e-08
CAVNAYNFNKFYF,2.0192789520361968e-07
CAVNDFNKFYF,8.280935029920476e-08
CAVNDNFNKFYF,2.8083219019322056e-07
CAVNEDNFNKFYF,2.8632066431814534e-08
CAVNEGNFNKFYF,1.1550370666444581e-08
CAVNFNKFYF,5.469445888323129e-06
CAVNGDNFNKFYF,7.680833402976298e-08
CAVNGFNKFYF,5.6878341452542884e-08
CAVNGGNFNKFYF,3.0291096465512434e-08
CAVNGNFNKFYF,1.7918581955631208e-07
CAVNGNNFNKFYF,4.840173401143928e-08
CAVNGYNFNKFYF,2.905560921026068e-07
CAVNLDNFNKFYF,4.605826276581109e-08
CAVNLYNFNKFYF,4.3953161329888303e-07
CAVNNFNKFYF,3.3475239653704013e-06
CAVNNNFNKFYF,3.7902599226068894e-07
CAVNPDNFNKFYF,6.106981116759989e-08
CAVNPYNFNKFYF,3.7027476635749515e-07
CAVNQYNFNKFYF,9.18611298016062e-08
CAVNRDNFNKFYF,1.4490518513725718e-07
CAVNRNFNKFYF,2.17061485925129e-07
CAVNRYNFNKFYF,4.684528629670446e-07
CAVNSQGGSEKLVF,6.081279086118281e-07
CAVNSYNFNKFYF,2.1799540451868782e-07
CAVNTQGGSEKLVF,9.594614985749803e-07
CAVNYNFNKFYF,5.42041328470807e-07
CAVPAQGGSEKLVF,1.7318470376904853e-06
CAVPGNFNKFYF,2.9984796639778664e-07
CAVPKYNFNKFYF,1.7946735556994707e-07
CAVPLQGGSEKLVF,6.640787956314846e-07
CAVPLYNFNKFYF,7.99329897000166e-07
CAVPNFNKFYF,2.2190468472101786e-06
CAVPNNFNKFYF,5.281405863812915e-07
CAVPPYNFNKFYF,5.660162572917974e-07
CAVPQGGSEKLVF,1.2779173875088634e-05
CAVPRGGSEKLVF,6.360046312478685e-07
CAVPSQGGSEKLVF,1.8663249191952315e-06
CAVPTQGGSEKLVF,5.280512852459269e-06
CAVPVQGGSEKLVF,3.6639765134856353e-07
CAVPVYNFNKFYF,3.641449288989008e-07
CAVPYNFNKFYF,3.6843520873938023e-06
CAVQADNFNKFYF,7.076278782466166e-07
CAVQAGNFNKFYF,5.086798353782187e-07
CAVQANNFNKFYF,4.813655422972748e-07
CAVQARNFNKFYF,3.177815129005029e-07
CAVQASNFNKFYF,3.421390970296933e-07
CAVQAYNFNKFYF,1.5841047372543036e-06
CAVQDNFNKFYF,7.16034012375839e-07
CAVQEYNFNKFYF,3.445692076127153e-07
CAVQGGSEKLVF,1.71520365828288e-05
CAVQGNFNKFYF,5.086660354930511e-07
CAVQGYNFNKFYF,8.080166171458596e-07
CAVQLYNFNKFYF,4.3580370036076864e-07
CAVQNFNKFYF,5.698788917265355e-07
CAVQPYNFNKFYF,3.7558049646206354e-07
CAVQQGGSEKLVF,1.5984806627440875e-06
CAVQTQGGSEKLVF,2.1887094070603873e-06
CAVQYNFNKFYF,1.48685059276418e-06
CAVRANFNKFYF,3.646677637876539e-07
CAVRAYNFNKFYF,6.207231747056665e-07
CAVRDFNKFYF,5.729345938592362e-07
CAVRDGDNFNKFYF,1.217050527717968e-07
CAVRDGYNFNKFYF,3.612752095731212e-07
CAVRDNFNKFYF,2.024587477372542e-06
CAVRDYNFNKFYF,3.717387659330886e-07
CAVREGNFNKFYF,6.716892021525992e-08
CAVRENFNKFYF,1.9411795347678088e-07
CAVRETSGSRLTF,0
CAVREYNFNKFYF,7.340615570076169e-07
CAVRGDNFNKFYF,3.5466475099207305e-07
CAVRGFNKFYF,3.2190589074906583e-07
CAVRGGNFNKFYF,1.3377783207466854e-07
CAVRGGYNFNKFYF,2.354406944182639e-07
CAVRGLYNFNKFYF,2.3160525524477938e-07
CAVRGNFNKFYF,9.660971468737926e-07
CAVRGNNFNKFYF,2.232707616213529e-07
CAVRGYNFNKFYF,1.619461047520167e-06
CAVRHNFNKFYF,9.782653837649073e-07
CAVRIYNFNKFYF,5.549581350284095e-07
CAVRKYNFNKFYF,4.504930555599592e-07
CAVRLNFNKFYF,3.506684041059936e-07
CAVRLYNFNKFYF,1.2095052680881616e-06
CAVRLYNTDKLIF,5.100057035147686e-07
CAVRNFNKFYF,2.3985592357975334e-06
CAVRNNFNKFYF,1.0427829742241775e-06
CAVRNTDKLIF,5.840711718051369e-06
CAVRPLYNFNKFYF,2.2252453925545162e-07
CAVRPNFNKFYF,5.813128212703671e-07
CAVRPYNFNKFYF,9.86744393637158e-07
CAVRQGGSEKLVF,7.92393225413688e-06
CAVRRDNFNKFYF,2.654294601025086e-07
CAVRRNFNKFYF,4.889092873416265e-07
CAVRRYNFNKFYF,1.1351978363893975e-06
CAVRSNFNKFYF,5.034239634458694e-07
CAVRSYNFNKFYF,5.288876331380623e-07
CAVRTQGGSEKLVF,7.735134227062255e-06
CAVRTYNFNKFYF,4.190459526181046e-07
CAVRVYNFNKFYF,9.878107755578471e-07
CAVRYNFNKFYF,5.086053263824873e-06
CAVSAGNFNKFYF,1.257828329770155e-08
CAVSANFNKFYF,1.0985731397163491e-07
CAVSAQGGSEKLVF,1.440527309055893e-06
CAVSAYNFNKFYF,1.8692823617876106e-07
CAVSDDFNKFYF,7.845683144843623e-09
CAVSDFNKFYF,1.8670919510539618e-07
CAVSDGNFNKFYF,1.7782416206541864e-08
CAVSDLYNFNKFYF,7.844610348986004e-08
CAVSDNFNKFYF,6.374364179006476e-07
CAVSDNNFNKFYF,2.1618014082891104e-08
CAVSDQGNFNKFYF,5.4221702992249245e-09
CAVSDQYNFNKFYF,2.9694513352000187e-08
CAVSDRDNFNKFYF,2.7435776996908667e-08
CAVSDRNFNKFYF,4.3180665768949186e-08
CAVSDYNFNKFYF,5.961582322006655e-08
CAVSEDNFNKFYF,5.570946349923273e-08
CAVSEGNFNKFYF,2.8620364960930335e-08
CAVSENFNKFYF,6.735731492702798e-08
CAVSENNFNKFYF,3.352304614961703e-08
CAVSEYNFNKFYF,2.514084714632636e-07
CAVSFNKFYF,8.185323364432569e-07
CAVSGDNFNKFYF,1.0171418552519173e-07
CAVSGFNKFYF,9.974062864087814e-08
CAVSGGNFNKFYF,3.7947939561015485e-08
CAVSGGYNFNKFYF,6.651192799152931e-08
CAVSGLYNFNKFYF,6.590675961168203e-08
CAVSGNFNKFYF,2.9851880468161557e-07
CAVSGNNFNKFYF,6.401273665495944e-08
CAVSGTQGGSEKLVF,6.953622645229484e-07
CAVSGYNFNKFYF,4.999306214321116e-07
CAVSHNFNKFYF,7.80931108551005e-07
CAVSIYNFNKFYF,2.332811046272403e-07
CAVSKYNFNKFYF,1.8155808555653324e-07
CAVSLNFNKFYF,2.3295340866436577e-07
CAVSLYNFNKFYF,8.506594518103399e-07
CAVSNFNKFYF,2.1610323016303686e-06
CAVSNNFNKFYF,4.565163559681447e-07
CAVSNYNFNKFYF,2.9393889445924442e-08
CAVSPLYNFNKFYF,9.902329370064948e-08
CAVSPNFNKFYF,3.9184002342552984e-07
CAVSPQGGSEKLVF,3.064849840163551e-06
CAVSPYNFNKFYF,6.701950637129362e-07
CAVSQGGSEKLVF,1.159982949521411e-05
CAVSQYNFNKFYF,1.6808603335219426e-07
CAVSRDNFNKFYF,1.0402121009489573e-07
CAVSRGGGSEKLVF,8.384560246103043e-08
CAVSRGNFNKFYF,3.741273823533552e-08
CAVSRNFNKFYF,2.5963332323105697e-07
CAVSRYNFNKFYF,5.692381028593828e-07
CAVSSNFNKFYF,2.658922167940656e-07
CAVSSQGGSEKLVF,2.027849143555604e-06
CAVSSYNFNKFYF,3.1877211656719607e-07
CAVSTQGGSEKLVF,3.889869675963825e-06
CAVSTYNFNKFYF,1.682190311930888e-07
CAVSVNFNKFYF,1.0291497166227995e-07
CAVSVQGGSEKLVF,3.636509815717056e-07
CAVSVYNFNKFYF,3.179371691075443e-07
CAVSYNFNKFYF,2.2288882419197456e-06
CAVTDFNKFYF,1.480236054419172e-07
CAVTDNFNKFYF,5.059431533882521e-07
CAVTFNKFYF,3.6509073990561695e-07
CAVTGDNFNKFYF,6.536831312135603e-08
CAVTGFNKFYF,8.073288605712635e-08
CAVTGNFNKFYF,2.250914225212833e-07
CAVTGYNFNKFYF,3.982817243936659e-07
CAVTIYNFNKFYF,1.7549880500581476e-07
CAVTKYNFNKFYF,1.359569442192111e-07
CAVTLYNFNKFYF,5.655377798016846e-07
CAVTNFNKFYF,1.1789585706023034e-06
CAVTNNFNKFYF,3.4798421001727444e-07
CAVTPYNFNKFYF,4.2775155271465326e-07
CAVTQGGSEKLVF,1.8035065106406875e-05
CAVTRNFNKFYF,1.5913618173018417e-07
CAVTRYNFNKFYF,3.8986859070616544e-07
CAVTSQGGSEKLVF,1.240313768898279e-06
CAVTSYNFNKFYF,2.0656640286033843e-07
CAVTTQGGSEKLVF,2.872333437918679e-06
CAVTTYNFNKFYF,1.231104736753209e-07
CAVTVYNFNKFYF,2.540062700125358e-07
CAVTYNFNKFYF,1.9209205208255183e-06
CAVVDFNKFYF,1.0248552654053716e-07
CAVVDNFNKFYF,3.541495491144153e-07
CAVVGNFNKFYF,1.4269652832389071e-07
CAVVGYNFNKFYF,2.506442996087406e-07
CAVVLYNFNKFYF,3.3526665426689505e-07
CAVVNFNKFYF,9.342316650380545e-07
CAVVNNFNKFYF,2.552253878593077e-07
CAVVPYNFNKFYF,2.3360336955625855e-07
CAVVQGGSEKLVF,3.6656822692471675e-06
CAVVSQGGSEKLVF,9.554957557489437e-07
CAVVTQGGSEKLVF,4.0391982288914075e-06
CAVVYNFNKFYF,2.340588889352921e-06
CAVWDFNKFYF,4.48621723025306e-08
CAVWNFNKFYF,1.933353309544702e-07
CAVWQGGSEKLVF,6.013953683233886e-07
CAVWTQGGSEKLVF,5.625928587948736e-07
CAVYDNFNKFYF,6.78658110536464e-08
CAVYFNKFYF,6.552817421914892e-07
CAVYNFNKFYF,9.877914024393882e-06
CAVYNTDKLIF,6.790016838345113e-06
CAVYQGGSEKLVF,1.8132780068202041e-06
CAVYTQGGSEKLVF,4.890099566011874e-07
CAYLYNFNKFYF,5.438065547543064e-07
CAYNFNKFYF,1.0121158645442701e-05
CAYQGGSEKLVF,4.807889705707356e-06
CAYRDNFNKFYF,3.0140995471604866e-07
CAYRGYNFNKFYF,3.420795021289022e-07
CAYRLTQGGSEKLVF,8.873136878577173e-07
CAYRSTQGGSEKLVF,2.521996602290435e-06
CAYRSYNFNKFYF,4.640612465974725e-07
CAYYNFNKFYF,7.094722643214202e-07
CAYYNTDKLIF,7.811353836110139e-07
CGLYNFNKFYF,4.3159446392154205e-07
CGYNFNKFYF,1.6352813077092066e-06
CIALYNFNKFYF,1.470780815859705e-07
CIGLNYGGSQGNLIF,1.3972549966604837e-07
CILLYNFNKFYF,6.709412772336798e-08
CILNNFNKFYF,5.6897276260094574e-08
CILRYNFNKFYF,1.2792118130756943e-07
CILYNFNKFYF,2.614107119053719e-07
CIVGYNFNKFYF,4.35918977228139e-07
CIVLYNFNKFYF,4.056618711784034e-07
CIVNNFNKFYF,3.564674644714338e-07
CIVRALYNFNKFYF,2.0333392037944997e-07
CIVREYNFNKFYF,4.952893607093434e-07
CIVRGYNFNKFYF,1.1552386990691834e-06
CIVRPYNFNKFYF,5.258291035445384e-07
CIVRVAYNFNKFYF,6.198670006240511e-07
CIVRVEYNFNKFYF,3.358659886122559e-07
CIVRVGYNFNKFYF,7.617110278370881e-07
CIVRVLYNFNKFYF,4.3857727890902795e-07
CIVRVPYNFNKFYF,3.8728839425604035e-07
CIVRVRYNFNKFYF,3.837148158225242e-07
CIVRVSYNFNKFYF,2.1724274716418912e-07
CIVRVVYNFNKFYF,4.821258220494683e-07
CIVYNFNKFYF,7.35536131921413e-07
CLLYNFNKFYF,3.282942733131403e-07
CLVGGNFNKFYF,1.4565914707433205e-06
CLVGYNFNKFYF,2.4394560611533996e-06
CLVLYNFNKFYF,3.939129094491188e-07
CPLYNFNKFYF,2.83447749805313e-07
CPYNFNKFYF,1.261203658774636e-06
CSYNFNKFYF,6.079420195557907e-07
CTLYNFNKFYF,8.901262854552379e-08
CTYNFNKFYF,3.6719807325454733e-07
CVALYNFNKFYF,1.0106388588685145e-07
CVAYNFNKFYF,3.245006976568405e-07
CVGLNYGGSQGNLIF,1.6588330228965153e-07
CVGLYNFNKFYF,1.4772178016885488e-07
CVGYNFNKFYF,6.898444894653998e-07
CVIYNFNKFYF,1.9549064747035068e-07
CVLYNFNKFYF,5.346971462771181e-07
CVVALYNFNKFYF,4.986951513490996e-08
CVVDNFNKFYF,4.933453982677307e-07
CVVGNFNKFYF,4.1394996084979834e-07
CVVGYNFNKFYF,6.530182934082174e-07
CVVIYNFNKFYF,7.332387509521636e-07
CVVKYNFNKFYF,7.066511566599901e-07
CVVLYNFNKFYF,5.920395332663788e-07
CVVNDFNKFYF,1.557142667372403e-07
CVVNFNKFYF,9.184013360612033e-07
CVVNGNNFNKFYF,1.6756026409169661e-07
CVVNLNNFNKFYF,9.803509482873599e-08
CVVNLYNFNKFYF,7.674089724610554e-07
CVVNNFNKFYF,1.5063775509788732e-06
CVVNPLYNFNKFYF,1.8002487070381712e-07
CVVNYNFNKFYF,7.241284072794643e-07
CVVPYNFNKFYF,5.443288390998516e-07
CVVQYNFNKFYF,1.299666045770244e-07
CVVRNFNKFYF,5.23871772175952e-07
CVVRYNFNKFYF,1.1421948186699534e-06
CVVSGYNFNKFYF,3.8545608205011215e-07
CVVSLYNFNKFYF,3.4244178886497566e-07
CVVSNFNKFYF,6.005235458067902e-07
CVVSYNFNKFYF,5.734164852329024e-07
CVVTLYNFNKFYF,3.2932653266682316e-07
CVVTYNFNKFYF,8.144906584237925e-07
CVVVYNFNKFYF,3.251280251624106e-07
CVVYNFNKFYF,1.0886976723800108e-06
CVYNFNKFYF,1.3245716417441559e-06
