,sum_clones
020000010808_S3_L001.clonotypes.TRB.txt,15517
020003890808_S67_L001.clonotypes.TRB.txt,43462
050002090808_S74_L001.clonotypes.TRB.txt,23200
270000870808_S37_L001.clonotypes.TRB.txt,30175
020000360808_S102_L002.clonotypes.TRB.txt,67373
050000200808_S157_L002.clonotypes.TRB.txt,30717
330001070808_S180_L002.clonotypes.TRB.txt,22422
500000530808_S147_L002.clonotypes.TRB.txt,33172
020000700808_S134_L002.clonotypes.TRB.txt,62267
050002020808_S115_L002.clonotypes.TRB.txt,24441
440000790808_S68_L001.clonotypes.TRB.txt,23939
540003270808_S65_L001.clonotypes.TRB.txt,24142
330000950808_S132_L002.clonotypes.TRB.txt,45623
270000050808_S111_L002.clonotypes.TRB.txt,62004
330000410808_S109_L002.clonotypes.TRB.txt,39528
340002510808_S180_L002.clonotypes.TRB.txt,26232
690002080808_S58_L001.clonotypes.TRB.txt,52049
540002570808_S121_L002.clonotypes.TRB.txt,34872
690001140808_S97_L002.clonotypes.TRB.txt,17752
330001280808_S92_L001.clonotypes.TRB.txt,39064
500001270808_S163_L002.clonotypes.TRB.txt,36441
330002060808_S122_L002.clonotypes.TRB.txt,22442
050001330808_S153_L002.clonotypes.TRB.txt,18983
690000090808_S154_L002.clonotypes.TRB.txt,30322
440000040808_S191_L002.clonotypes.TRB.txt,61600
540002830808_S9_L001.clonotypes.TRB.txt,42022
050000810808_S66_L001.clonotypes.TRB.txt,31015
270000140808_S174_L002.clonotypes.TRB.txt,85778
540002650808_S169_L002.clonotypes.TRB.txt,61200
020000190808_S27_L001.clonotypes.TRB.txt,52276
050002130808_S46_L001.clonotypes.TRB.txt,6954
360001440808_S141_L002.clonotypes.TRB.txt,13583
360001380808_S173_L002.clonotypes.TRB.txt,20605
240101640808_S135_L002.clonotypes.TRB.txt,45993
460001200808_S176_L002.clonotypes.TRB.txt,38261
500001010808_S178_L002.clonotypes.TRB.txt,84450
300000710808_S124_L002.clonotypes.TRB.txt,66024
370000570808_S110_L002.clonotypes.TRB.txt,30340
460001010808_S167_L002.clonotypes.TRB.txt,33090
410004360808_S119_L002.clonotypes.TRB.txt,34033
050000230808_S160_L002.clonotypes.TRB.txt,29928
020003900808_S43_L001.clonotypes.TRB.txt,51167
050002030808_S38_L001.clonotypes.TRB.txt,5205
500000570808_S42_L001.clonotypes.TRB.txt,38148
340002530808_S172_L002.clonotypes.TRB.txt,42981
330001080808_S148_L002.clonotypes.TRB.txt,53542
270001070808_S158_L002.clonotypes.TRB.txt,66533
540002870808_S17_L001.clonotypes.TRB.txt,22005
020000390808_S189_L002.clonotypes.TRB.txt,42577
020003020808_S91_L001.clonotypes.TRB.txt,51411
050001720808_S75_L001.clonotypes.TRB.txt,42502
540003340808_S73_L001.clonotypes.TRB.txt,38073
330000960808_S141_L002.clonotypes.TRB.txt,40457
400000290808_S134_L002.clonotypes.TRB.txt,66659
330001710808_S177_L002.clonotypes.TRB.txt,23130
330000580808_S125_L002.clonotypes.TRB.txt,33672
500001140808_S71_L001.clonotypes.TRB.txt,29554
330002090808_S89_L001.clonotypes.TRB.txt,41532
050000970808_S55_L001.clonotypes.TRB.txt,31845
690001370808_S32_L001.clonotypes.TRB.txt,48161
020000110808_S14_L001.clonotypes.TRB.txt,48480
270000060808_S119_L002.clonotypes.TRB.txt,54691
440000310808_S151_L002.clonotypes.TRB.txt,147087
540002660808_S177_L002.clonotypes.TRB.txt,21688
440000860808_S47_L001.clonotypes.TRB.txt,79695
360001390808_S117_L002.clonotypes.TRB.txt,18185
690000120808_S50_L001.clonotypes.TRB.txt,42013
460001480808_S151_L002.clonotypes.TRB.txt,63151
460001030808_S152_L002.clonotypes.TRB.txt,15630
500001360808_S131_L002.clonotypes.TRB.txt,51709
540002580808_S129_L002.clonotypes.TRB.txt,67223
370000580808_S118_L002.clonotypes.TRB.txt,26395
330001110808_S156_L002.clonotypes.TRB.txt,25458
360001560808_S165_L002.clonotypes.TRB.txt,57358
270000010808_S182_L002.clonotypes.TRB.txt,56265
020000200808_S181_L002.clonotypes.TRB.txt,53386
440000960808_S80_L001.clonotypes.TRB.txt,25125
270000190808_S52_L001.clonotypes.TRB.txt,51798
540002980808_S25_L001.clonotypes.TRB.txt,5520
340002540808_S188_L002.clonotypes.TRB.txt,32151
050000240808_S85_L001.clonotypes.TRB.txt,39381
330000980808_S188_L002.clonotypes.TRB.txt,29556
300000920808_S132_L002.clonotypes.TRB.txt,57015
050002070808_S58_L001.clonotypes.TRB.txt,37434
270001050808_S23_L001.clonotypes.TRB.txt,66311
050000990808_S40_L001.clonotypes.TRB.txt,23431
440000110808_S120_L002.clonotypes.TRB.txt,87912
020004000808_S83_L001.clonotypes.TRB.txt,46215
690001620808_S40_L001.clonotypes.TRB.txt,30964
500000580808_S93_L001.clonotypes.TRB.txt,47448
330001730808_S178_L002.clonotypes.TRB.txt,41466
270001180808_S76_L001.clonotypes.TRB.txt,49066
050001870808_S147_L002.clonotypes.TRB.txt,32386
020000420808_S51_L001.clonotypes.TRB.txt,61898
540003460808_S81_L001.clonotypes.TRB.txt,40230
330000670808_S24_L001.clonotypes.TRB.txt,41572
020003060808_S142_L002.clonotypes.TRB.txt,46965
330002360808_S154_L002.clonotypes.TRB.txt,22238
500001220808_S123_L002.clonotypes.TRB.txt,80833
020000710808_S15_L001.clonotypes.TRB.txt,30823
540002670808_S185_L002.clonotypes.TRB.txt,24814
330001030808_S86_L001.clonotypes.TRB.txt,37237
360001400808_S125_L002.clonotypes.TRB.txt,29069
460001930808_S184_L002.clonotypes.TRB.txt,67181
400000310808_S142_L002.clonotypes.TRB.txt,63657
540002590808_S137_L002.clonotypes.TRB.txt,23356
440001090808_S88_L001.clonotypes.TRB.txt,11892
330001250808_S56_L001.clonotypes.TRB.txt,25841
690001050808_S122_L002.clonotypes.TRB.txt,35922
500001380808_S187_L002.clonotypes.TRB.txt,29238
020000280808_S59_L001.clonotypes.TRB.txt,20914
400000130808_S158_L002.clonotypes.TRB.txt,34434
540003020808_S33_L001.clonotypes.TRB.txt,20202
460001050808_S175_L002.clonotypes.TRB.txt,40048
360001680808_S149_L002.clonotypes.TRB.txt,33794
440000490808_S23_L001.clonotypes.TRB.txt,65173
270000200808_S44_L001.clonotypes.TRB.txt,32873
340002950808_S156_L002.clonotypes.TRB.txt,33610
330001780808_S170_L002.clonotypes.TRB.txt,8306
020000640808_S117_L002.clonotypes.TRB.txt,4575
020004070808_S4_L001.clonotypes.TRB.txt,17407
270000020808_S12_L001.clonotypes.TRB.txt,58298
050001030808_S28_L001.clonotypes.TRB.txt,41907
270000070808_S20_L001.clonotypes.TRB.txt,133475
500001230808_S139_L002.clonotypes.TRB.txt,24691
050000440808_S15_L001.clonotypes.TRB.txt,64410
270001310808_S165_L002.clonotypes.TRB.txt,21036
050001890808_S86_L001.clonotypes.TRB.txt,26092
330000710808_S140_L002.clonotypes.TRB.txt,10700
540003500808_S89_L001.clonotypes.TRB.txt,13557
230002190808_S163_L002.clonotypes.TRB.txt,64426
330001050808_S101_L002.clonotypes.TRB.txt,35666
500000910808_S186_L002.clonotypes.TRB.txt,48162
270001190808_S22_L001.clonotypes.TRB.txt,87794
460004460808_S144_L002.clonotypes.TRB.txt,38871
540002610808_S145_L002.clonotypes.TRB.txt,10077
020003100808_S19_L001.clonotypes.TRB.txt,37916
540002680808_S98_L002.clonotypes.TRB.txt,35519
330002370808_S162_L002.clonotypes.TRB.txt,38675
690001790808_S29_L001.clonotypes.TRB.txt,72006
400002860808_S182_L002.clonotypes.TRB.txt,30154
440001540808_S135_L002.clonotypes.TRB.txt,164698
440000180808_S143_L002.clonotypes.TRB.txt,105965
020003190808_S12_L001.clonotypes.TRB.txt,50528
540003220808_S49_L001.clonotypes.TRB.txt,15539
690001060808_S162_L002.clonotypes.TRB.txt,16317
360001410808_S133_L002.clonotypes.TRB.txt,46367
500001390808_S171_L002.clonotypes.TRB.txt,47139
460000690808_S168_L002.clonotypes.TRB.txt,34097
330001790808_S146_L002.clonotypes.TRB.txt,37494
020000340808_S82_L001.clonotypes.TRB.txt,27495
330002940808_S80_L001.clonotypes.TRB.txt,35405
460001060808_S183_L002.clonotypes.TRB.txt,28954
300000940808_S140_L002.clonotypes.TRB.txt,120950
340002960808_S164_L002.clonotypes.TRB.txt,20075
540003570808_S2_L001.clonotypes.TRB.txt,23073
330000090808_S70_L001.clonotypes.TRB.txt,54387
270000270808_S113_L002.clonotypes.TRB.txt,45667
500001240808_S115_L002.clonotypes.TRB.txt,26103
050001130808_S22_L001.clonotypes.TRB.txt,23800
050001100808_S169_L002.clonotypes.TRB.txt,39110
330000780808_S172_L002.clonotypes.TRB.txt,20834
020000650808_S11_L001.clonotypes.TRB.txt,55443
440000500808_S183_L002.clonotypes.TRB.txt,72647
240101560808_S127_L002.clonotypes.TRB.txt,18363
050001920808_S78_L001.clonotypes.TRB.txt,27068
020004130808_S110_L002.clonotypes.TRB.txt,51055
270000030808_S190_L002.clonotypes.TRB.txt,76237
330001060808_S133_L002.clonotypes.TRB.txt,36310
360001830808_S109_L002.clonotypes.TRB.txt,95888
290000390808_S116_L002.clonotypes.TRB.txt,45096
300000960808_S148_L002.clonotypes.TRB.txt,23351
500000010808_S9_L001.clonotypes.TRB.txt,27513
460000890808_S128_L002.clonotypes.TRB.txt,23088
400003590808_S111_L002.clonotypes.TRB.txt,53305
540002620808_S153_L002.clonotypes.TRB.txt,26190
270000090808_S28_L001.clonotypes.TRB.txt,90815
690001910808_S84_L001.clonotypes.TRB.txt,41114
330002520808_S90_L001.clonotypes.TRB.txt,41622
020003810808_S104_L002.clonotypes.TRB.txt,48777
330001870808_S185_L002.clonotypes.TRB.txt,64860
540003240808_S57_L001.clonotypes.TRB.txt,25370
020003200808_S13_L001.clonotypes.TRB.txt,34186
500001400808_S155_L002.clonotypes.TRB.txt,15431
440000030808_S13_L001.clonotypes.TRB.txt,29718
330000350808_S164_L002.clonotypes.TRB.txt,30316
690001110808_S146_L002.clonotypes.TRB.txt,38932
540002690808_S106_L002.clonotypes.TRB.txt,58969
360001420808_S157_L002.clonotypes.TRB.txt,39137
500000950808_S26_L001.clonotypes.TRB.txt,78931
360001370808_S189_L002.clonotypes.TRB.txt,26620
400000180808_S166_L002.clonotypes.TRB.txt,127328
460001100808_S160_L002.clonotypes.TRB.txt,33951
050001990808_S123_L002.clonotypes.TRB.txt,15053
020000350808_S126_L002.clonotypes.TRB.txt,42635
440000190808_S167_L002.clonotypes.TRB.txt,68737
500001250808_S179_L002.clonotypes.TRB.txt,21464
050001210808_S129_L002.clonotypes.TRB.txt,18153
540003600808_S10_L001.clonotypes.TRB.txt,53712
240101580808_S143_L002.clonotypes.TRB.txt,23104
050002060808_S54_L001.clonotypes.TRB.txt,35775
020003940808_S10_L001.clonotypes.TRB.txt,15202
020004200808_S75_L001.clonotypes.TRB.txt,33808
270000290808_S149_L002.clonotypes.TRB.txt,53460
270000040808_S103_L002.clonotypes.TRB.txt,35005
330002580808_S96_L001.clonotypes.TRB.txt,9397
330000870808_S66_L001.clonotypes.TRB.txt,67935
540002640808_S161_L002.clonotypes.TRB.txt,9833
500000410808_S68_L001.clonotypes.TRB.txt,35536
290002570808_S187_L002.clonotypes.TRB.txt,89889
460000920808_S136_L002.clonotypes.TRB.txt,43756
540002700808_S114_L002.clonotypes.TRB.txt,10519
540002140808_S46_L001.clonotypes.TRB.txt,10568
500001990808_S179_L002.clonotypes.TRB.txt,31563
540003550808_S2_L001.clonotypes.TRB.txt,12016
440002200808_S159_L002.clonotypes.TRB.txt,163283
500002020808_S16_L001.clonotypes.TRB.txt,26020
020003840808_S118_L002.clonotypes.TRB.txt,30790
050000880101_S106_L002.clonotypes.TRB.txt,48775
330000550808_S72_L001.clonotypes.TRB.txt,57611
020000670808_S90_L001.clonotypes.TRB.txt,85297
400004310808_S103_L002.clonotypes.TRB.txt,66563
020003830101_S186_L002.clonotypes.TRB.txt,44849
460001120808_S104_L002.clonotypes.TRB.txt,30727
270000110808_S166_L002.clonotypes.TRB.txt,58454
050000610101_S103_L002.clonotypes.TRB.txt,30008
360001430808_S181_L002.clonotypes.TRB.txt,47812
400000210808_S174_L002.clonotypes.TRB.txt,46621
500000860808_S83_L001.clonotypes.TRB.txt,105003
690001120808_S124_L002.clonotypes.TRB.txt,56811
500000990808_S107_L002.clonotypes.TRB.txt,57992
360001840808_S101_L002.clonotypes.TRB.txt,103186
140003810101_S56_L001.clonotypes.TRB.txt,26449
050001610101_S115_L002.clonotypes.TRB.txt,42122
440000530808_S144_L002.clonotypes.TRB.txt,138605
050000320101_S83_L001.clonotypes.TRB.txt,73029
690002050808_S99_L002.clonotypes.TRB.txt,111417
290002630808_S108_L002.clonotypes.TRB.txt,48634
330002320808_S168_L002.clonotypes.TRB.txt,20067
050001190101_S73_L001.clonotypes.TRB.txt,82233
270000580808_S87_L001.clonotypes.TRB.txt,43362
230003360808_S162_L002.clonotypes.TRB.txt,67611
330000810808_S11_L001.clonotypes.TRB.txt,21090
440002980101_S145_L002.clonotypes.TRB.txt,33707
460000940101_S148_L002.clonotypes.TRB.txt,32026
540002180808_S45_L001.clonotypes.TRB.txt,27432
330001910101_S171_L002.clonotypes.TRB.txt,46587
540003680808_S1_L001.clonotypes.TRB.txt,30633
500003040808_S82_L001.clonotypes.TRB.txt,41044
050002050101_S124_L002.clonotypes.TRB.txt,85404
370000490808_S102_L002.clonotypes.TRB.txt,16187
330003330808_S166_L002.clonotypes.TRB.txt,61768
260002990101_S12_L001.clonotypes.TRB.txt,79962
330001580101_S129_L002.clonotypes.TRB.txt,86564
050001820101_S79_L001.clonotypes.TRB.txt,106963
050000930101_S107_L002.clonotypes.TRB.txt,56370
440000470101_S142_L002.clonotypes.TRB.txt,72285
540000560808_S164_L002.clonotypes.TRB.txt,63251
690000970101_S64_L001.clonotypes.TRB.txt,64172
540002970101_S158_L002.clonotypes.TRB.txt,70695
050000630101_S104_L002.clonotypes.TRB.txt,44408
440000200808_S136_L002.clonotypes.TRB.txt,130578
780000840101_S38_L001.clonotypes.TRB.txt,48551
500001040808_S171_L002.clonotypes.TRB.txt,46334
050000010101_S97_L002.clonotypes.TRB.txt,66208
400000250808_S126_L002.clonotypes.TRB.txt,67748
780003440101_S87_L001.clonotypes.TRB.txt,60752
440003040101_S181_L002.clonotypes.TRB.txt,22182
640002980101_S52_L001.clonotypes.TRB.txt,85058
260002840101_S8_L001.clonotypes.TRB.txt,53286
540000140808_S36_L001.clonotypes.TRB.txt,13996
780004960101_S16_L001.clonotypes.TRB.txt,78472
460000990101_S149_L002.clonotypes.TRB.txt,52294
540002260808_S44_L001.clonotypes.TRB.txt,33126
270000120808_S36_L001.clonotypes.TRB.txt,105269
400004360808_S190_L002.clonotypes.TRB.txt,124762
690001200808_S107_L002.clonotypes.TRB.txt,33155
050001700101_S81_L001.clonotypes.TRB.txt,81599
440000570808_S128_L002.clonotypes.TRB.txt,93696
210002070101_S69_L001.clonotypes.TRB.txt,90169
440003380808_S112_L002.clonotypes.TRB.txt,156133
050001230101_S71_L001.clonotypes.TRB.txt,63402
440000300808_S78_L001.clonotypes.TRB.txt,10336
330003400808_S167_L002.clonotypes.TRB.txt,51425
020002240807_S106_L002.clonotypes.TRB.txt,67144
280001880807_S135_L002.clonotypes.TRB.txt,54568
050000480101_S100_L002.clonotypes.TRB.txt,86596
780005220101_S43_L001.clonotypes.TRB.txt,82308
230003070807_S37_L001.clonotypes.TRB.txt,92429
330001930101_S134_L002.clonotypes.TRB.txt,64068
050002120101_S125_L002.clonotypes.TRB.txt,55010
330002530101_S137_L002.clonotypes.TRB.txt,80971
270000100807_S23_L001.clonotypes.TRB.txt,66932
260004150101_S10_L001.clonotypes.TRB.txt,100797
050001050101_S108_L002.clonotypes.TRB.txt,50539
330001660101_S170_L002.clonotypes.TRB.txt,64069
540003090101_S96_L001.clonotypes.TRB.txt,56677
050000670101_S77_L001.clonotypes.TRB.txt,46555
640003540101_S54_L001.clonotypes.TRB.txt,50968
690000990101_S63_L001.clonotypes.TRB.txt,87388
540001160101_S152_L002.clonotypes.TRB.txt,66844
500001470808_S64_L001.clonotypes.TRB.txt,51164
440000480101_S178_L002.clonotypes.TRB.txt,86597
050000050101_S86_L001.clonotypes.TRB.txt,67451
540002290808_S42_L001.clonotypes.TRB.txt,23146
540001040808_S84_L001.clonotypes.TRB.txt,42040
780002090101_S89_L001.clonotypes.TRB.txt,80418
780003450101_S95_L001.clonotypes.TRB.txt,59352
470001090807_S160_L002.clonotypes.TRB.txt,58702
330001290807_S162_L002.clonotypes.TRB.txt,37735
440003140101_S146_L002.clonotypes.TRB.txt,69973
050001710101_S116_L002.clonotypes.TRB.txt,45571
050000520101_S101_L002.clonotypes.TRB.txt,19789
280001890807_S143_L002.clonotypes.TRB.txt,54570
780005090101_S40_L001.clonotypes.TRB.txt,52177
260002850101_S3_L001.clonotypes.TRB.txt,115305
280002980807_S49_L001.clonotypes.TRB.txt,92362
230002070807_S129_L002.clonotypes.TRB.txt,29719
440000050101_S175_L002.clonotypes.TRB.txt,40567
690001770808_S53_L001.clonotypes.TRB.txt,63532
050001830101_S119_L002.clonotypes.TRB.txt,135224
330001940101_S135_L002.clonotypes.TRB.txt,51498
260004220101_S11_L001.clonotypes.TRB.txt,60080
460001130101_S150_L002.clonotypes.TRB.txt,86053
500000140808_S8_L001.clonotypes.TRB.txt,60449
780005240101_S42_L001.clonotypes.TRB.txt,62178
210002270101_S70_L001.clonotypes.TRB.txt,114064
330002550101_S139_L002.clonotypes.TRB.txt,40648
050001290101_S112_L002.clonotypes.TRB.txt,57196
440000650808_S175_L002.clonotypes.TRB.txt,86486
050001070101_S109_L002.clonotypes.TRB.txt,39789
050002170101_S126_L002.clonotypes.TRB.txt,51389
230003090807_S29_L001.clonotypes.TRB.txt,66424
270000130807_S31_L001.clonotypes.TRB.txt,76667
440000880101_S63_L001.clonotypes.TRB.txt,96572
050000730101_S105_L002.clonotypes.TRB.txt,42208
540002400808_S41_L001.clonotypes.TRB.txt,12011
470001130807_S104_L002.clonotypes.TRB.txt,36834
330001670101_S130_L002.clonotypes.TRB.txt,58084
540002050101_S154_L002.clonotypes.TRB.txt,30814
780003490101_S93_L001.clonotypes.TRB.txt,33276
280002120807_S127_L002.clonotypes.TRB.txt,57958
500001490808_S49_L001.clonotypes.TRB.txt,54949
690001010101_S62_L001.clonotypes.TRB.txt,75745
540001400808_S34_L001.clonotypes.TRB.txt,71138
780002130101_S90_L001.clonotypes.TRB.txt,52756
330001390807_S154_L002.clonotypes.TRB.txt,30148
540003110101_S159_L002.clonotypes.TRB.txt,100388
330002700101_S173_L002.clonotypes.TRB.txt,42799
260002880101_S4_L001.clonotypes.TRB.txt,82083
690000060101_S60_L001.clonotypes.TRB.txt,88095
440003240101_S182_L002.clonotypes.TRB.txt,68745
780005110101_S50_L001.clonotypes.TRB.txt,38455
270000150807_S39_L001.clonotypes.TRB.txt,38453
330001990101_S136_L002.clonotypes.TRB.txt,41510
330000100807_S67_L001.clonotypes.TRB.txt,46410
690001970808_S16_L001.clonotypes.TRB.txt,40439
780005250101_S46_L001.clonotypes.TRB.txt,33072
500001210807_S66_L001.clonotypes.TRB.txt,22118
230003110807_S21_L001.clonotypes.TRB.txt,19881
050001750101_S117_L002.clonotypes.TRB.txt,56562
050001960101_S120_L002.clonotypes.TRB.txt,64202
470001410807_S163_L002.clonotypes.TRB.txt,45209
470001590807_S68_L001.clonotypes.TRB.txt,47704
050000070101_S98_L002.clonotypes.TRB.txt,106685
230002080807_S137_L002.clonotypes.TRB.txt,75862
050000540101_S78_L001.clonotypes.TRB.txt,84360
540002630808_S7_L001.clonotypes.TRB.txt,30231
260004240101_S13_L001.clonotypes.TRB.txt,67604
210003270101_S66_L001.clonotypes.TRB.txt,60194
330001850101_S131_L002.clonotypes.TRB.txt,41778
050002210101_S127_L002.clonotypes.TRB.txt,70617
440000850101_S179_L002.clonotypes.TRB.txt,138884
440000270101_S176_L002.clonotypes.TRB.txt,101497
280002460807_S123_L002.clonotypes.TRB.txt,23844
780003880101_S91_L001.clonotypes.TRB.txt,43152
050001090101_S72_L001.clonotypes.TRB.txt,84702
050001310101_S113_L002.clonotypes.TRB.txt,91644
050000740101_S76_L001.clonotypes.TRB.txt,70076
540001930808_S48_L001.clonotypes.TRB.txt,32319
440000940101_S71_L001.clonotypes.TRB.txt,65469
500001620808_S63_L001.clonotypes.TRB.txt,61016
540002270101_S155_L002.clonotypes.TRB.txt,92866
500000930101_S58_L001.clonotypes.TRB.txt,114540
330002760101_S140_L002.clonotypes.TRB.txt,62741
330003060808_S80_L001.clonotypes.TRB.txt,56279
330000310807_S59_L001.clonotypes.TRB.txt,36234
440003270101_S183_L002.clonotypes.TRB.txt,30722
780002140101_S94_L001.clonotypes.TRB.txt,70893
330002030808_S165_L002.clonotypes.TRB.txt,51285
020000330101_S185_L002.clonotypes.TRB.txt,38364
050002000101_S121_L002.clonotypes.TRB.txt,70232
540002380807_S103_L002.clonotypes.TRB.txt,17424
260002910101_S9_L001.clonotypes.TRB.txt,74610
470001420807_S52_L001.clonotypes.TRB.txt,54079
540003420101_S160_L002.clonotypes.TRB.txt,62343
260000240807_S152_L002.clonotypes.TRB.txt,63637
690001180101_S161_L002.clonotypes.TRB.txt,94188
210003330101_S68_L001.clonotypes.TRB.txt,39566
500001300807_S3_L001.clonotypes.TRB.txt,56243
780005280101_S44_L001.clonotypes.TRB.txt,107182
270000160807_S47_L001.clonotypes.TRB.txt,49473
050001790101_S80_L001.clonotypes.TRB.txt,92497
690000110101_S59_L001.clonotypes.TRB.txt,86758
780005150101_S47_L001.clonotypes.TRB.txt,90561
230002180807_S176_L002.clonotypes.TRB.txt,67046
280002540807_S147_L002.clonotypes.TRB.txt,21006
780004510101_S41_L001.clonotypes.TRB.txt,43185
470002530808_S72_L001.clonotypes.TRB.txt,81318
050000090101_S85_L001.clonotypes.TRB.txt,89136
440001210101_S143_L002.clonotypes.TRB.txt,34702
140001090101_S55_L001.clonotypes.TRB.txt,71720
050000550101_S84_L001.clonotypes.TRB.txt,97297
440000330101_S141_L002.clonotypes.TRB.txt,34290
050001350101_S114_L002.clonotypes.TRB.txt,56233
330003180807_S94_L001.clonotypes.TRB.txt,47304
540002770807_S50_L001.clonotypes.TRB.txt,37644
270000620101_S65_L001.clonotypes.TRB.txt,89835
050001170101_S110_L002.clonotypes.TRB.txt,39841
330001860101_S132_L002.clonotypes.TRB.txt,93327
780002510101_S92_L001.clonotypes.TRB.txt,36795
330002800101_S174_L002.clonotypes.TRB.txt,99173
500001920808_S20_L001.clonotypes.TRB.txt,77446
050002010101_S122_L002.clonotypes.TRB.txt,43706
050000750101_S74_L001.clonotypes.TRB.txt,123907
260002950101_S7_L001.clonotypes.TRB.txt,51699
550004220808_S150_L002.clonotypes.TRB.txt,58433
540002600101_S156_L002.clonotypes.TRB.txt,42892
470001440807_S171_L002.clonotypes.TRB.txt,38449
540000070101_S151_L002.clonotypes.TRB.txt,85260
260000320807_S144_L002.clonotypes.TRB.txt,11822
330002050101_S172_L002.clonotypes.TRB.txt,49710
500001310807_S89_L001.clonotypes.TRB.txt,24456
050001810101_S118_L002.clonotypes.TRB.txt,42684
780005300101_S49_L001.clonotypes.TRB.txt,38757
690002520101_S2_L001.clonotypes.TRB.txt,30133
270001010808_S158_L002.clonotypes.TRB.txt,47180
050000130101_S99_L002.clonotypes.TRB.txt,30254
330000340807_S83_L001.clonotypes.TRB.txt,108252
690000430101_S61_L001.clonotypes.TRB.txt,24907
440001020101_S79_L001.clonotypes.TRB.txt,142608
440001580101_S144_L002.clonotypes.TRB.txt,41503
640002170101_S51_L001.clonotypes.TRB.txt,61894
280002900807_S139_L002.clonotypes.TRB.txt,29987
540002490807_S111_L002.clonotypes.TRB.txt,80464
230002210807_S169_L002.clonotypes.TRB.txt,52171
330001570101_S128_L002.clonotypes.TRB.txt,47217
460000850101_S147_L002.clonotypes.TRB.txt,85944
330001880101_S133_L002.clonotypes.TRB.txt,32303
470002910807_S120_L002.clonotypes.TRB.txt,61223
540002790807_S58_L001.clonotypes.TRB.txt,23025
780004910101_S26_L001.clonotypes.TRB.txt,74984
330003360808_S142_L002.clonotypes.TRB.txt,24754
470001450807_S76_L001.clonotypes.TRB.txt,41411
210004080101_S67_L001.clonotypes.TRB.txt,115480
050001460101_S82_L001.clonotypes.TRB.txt,53019
540002780101_S157_L002.clonotypes.TRB.txt,10601
440000440101_S177_L002.clonotypes.TRB.txt,57196
780005180101_S45_L001.clonotypes.TRB.txt,55310
630001790807_S92_L001.clonotypes.TRB.txt,38895
270000080807_S15_L001.clonotypes.TRB.txt,51544
540000450808_S163_L002.clonotypes.TRB.txt,29257
770101010807_S107_L002.clonotypes.TRB.txt,35433
780001250807_S145_L002.clonotypes.TRB.txt,22191
780003320101_S88_L001.clonotypes.TRB.txt,41239
140003720101_S57_L001.clonotypes.TRB.txt,60498
050002040101_S123_L002.clonotypes.TRB.txt,41550
500001320807_S82_L001.clonotypes.TRB.txt,20893
280001570807_S57_L001.clonotypes.TRB.txt,36361
630003920807_S115_L002.clonotypes.TRB.txt,48382
050000600101_S102_L002.clonotypes.TRB.txt,85012
770101560807_S174_L002.clonotypes.TRB.txt,48602
780004080807_S53_L001.clonotypes.TRB.txt,36250
770102700807_S20_L001.clonotypes.TRB.txt,49199
340003410808_S34_L001.clonotypes.TRB.txt,22702
630000020807_S151_L002.clonotypes.TRB.txt,67377
540002820808_S93_L001.clonotypes.TRB.txt,9075
780008480101_S17_L001.clonotypes.TRB.txt,58504
540002720807_S18_L001.clonotypes.TRB.txt,30648
330000460807_S75_L001.clonotypes.TRB.txt,79397
340003710808_S17_L001.clonotypes.TRB.txt,30556
270001130808_S87_L001.clonotypes.TRB.txt,40374
780001400808_S64_L001.clonotypes.TRB.txt,34244
340003780808_S26_L001.clonotypes.TRB.txt,48627
550002260807_S88_L001.clonotypes.TRB.txt,47569
780000760101_S36_L001.clonotypes.TRB.txt,68800
440002110101_S180_L002.clonotypes.TRB.txt,62156
050002460101_S189_L002.clonotypes.TRB.txt,72354
690000080807_S19_L001.clonotypes.TRB.txt,36844
230003020807_S77_L001.clonotypes.TRB.txt,51416
470003430807_S177_L002.clonotypes.TRB.txt,50996
520001830101_S107_L002.clonotypes.TRB.txt,52181
540003060808_S94_L001.clonotypes.TRB.txt,14177
770101060807_S25_L001.clonotypes.TRB.txt,44581
500002190807_S8_L001.clonotypes.TRB.txt,37720
640002780101_S53_L001.clonotypes.TRB.txt,105633
340003430808_S35_L001.clonotypes.TRB.txt,33099
500000230101_S98_L002.clonotypes.TRB.txt,66532
770101790807_S4_L001.clonotypes.TRB.txt,24274
780005210101_S39_L001.clonotypes.TRB.txt,49034
690000770101_S1_L001.clonotypes.TRB.txt,104620
590001290101_S100_L002.clonotypes.TRB.txt,80691
780008300807_S73_L001.clonotypes.TRB.txt,35793
630002250807_S86_L001.clonotypes.TRB.txt,82512
780001680807_S170_L002.clonotypes.TRB.txt,32624
670005070101_S102_L002.clonotypes.TRB.txt,65332
550002940807_S1_L001.clonotypes.TRB.txt,17719
440000810101_S55_L001.clonotypes.TRB.txt,97387
500004230101_S177_L002.clonotypes.TRB.txt,96807
630001070807_S181_L002.clonotypes.TRB.txt,37768
730000520101_S143_L002.clonotypes.TRB.txt,52983
670004690101_S119_L002.clonotypes.TRB.txt,73353
730003410101_S152_L002.clonotypes.TRB.txt,83868
330001180807_S138_L002.clonotypes.TRB.txt,51400
540002740807_S26_L001.clonotypes.TRB.txt,41146
340003790808_S27_L001.clonotypes.TRB.txt,19593
670005530101_S127_L002.clonotypes.TRB.txt,67470
330001960808_S82_L001.clonotypes.TRB.txt,28293
590002640101_S124_L002.clonotypes.TRB.txt,92582
340003720808_S20_L001.clonotypes.TRB.txt,44616
460002780101_S137_L002.clonotypes.TRB.txt,115931
470004390807_S2_L001.clonotypes.TRB.txt,23062
050002290808_S117_L002.clonotypes.TRB.txt,39233
780004740808_S76_L001.clonotypes.TRB.txt,38952
770102730807_S36_L001.clonotypes.TRB.txt,94008
690000370808_S24_L001.clonotypes.TRB.txt,41341
590004410101_S163_L002.clonotypes.TRB.txt,112598
540002120807_S95_L002.clonotypes.TRB.txt,16810
250002500808_S111_L002.clonotypes.TRB.txt,45382
590001680101_S148_L002.clonotypes.TRB.txt,60081
440001980101_S87_L001.clonotypes.TRB.txt,211290
210000150101_S184_L002.clonotypes.TRB.txt,54964
500003380101_S114_L002.clonotypes.TRB.txt,68362
520002210101_S178_L002.clonotypes.TRB.txt,65640
780003340807_S45_L001.clonotypes.TRB.txt,43543
340003660808_S15_L001.clonotypes.TRB.txt,85441
330000500808_S25_L001.clonotypes.TRB.txt,30323
500003890808_S35_L001.clonotypes.TRB.txt,15682
330000130808_S23_L001.clonotypes.TRB.txt,38028
770101940807_S90_L001.clonotypes.TRB.txt,49144
770101150807_S159_L002.clonotypes.TRB.txt,68021
550003210807_S54_L001.clonotypes.TRB.txt,59500
670005090101_S142_L002.clonotypes.TRB.txt,78290
540002750807_S34_L001.clonotypes.TRB.txt,16479
050000310808_S83_L001.clonotypes.TRB.txt,63110
340003730808_S21_L001.clonotypes.TRB.txt,6104
470002200808_S71_L001.clonotypes.TRB.txt,217225
460000180808_S5_L001.clonotypes.TRB.txt,53006
630002270807_S184_L002.clonotypes.TRB.txt,66004
550000620101_S139_L002.clonotypes.TRB.txt,102510
340003810808_S28_L001.clonotypes.TRB.txt,48105
630001100807_S136_L002.clonotypes.TRB.txt,67914
330002000808_S79_L001.clonotypes.TRB.txt,30398
500004290101_S161_L002.clonotypes.TRB.txt,55202
460002050808_S12_L001.clonotypes.TRB.txt,73253
460002860101_S145_L002.clonotypes.TRB.txt,40967
050002630808_S113_L002.clonotypes.TRB.txt,34908
780004750808_S75_L001.clonotypes.TRB.txt,35837
500003670101_S106_L002.clonotypes.TRB.txt,59608
780004000807_S5_L001.clonotypes.TRB.txt,32730
730003490101_S120_L002.clonotypes.TRB.txt,115550
550003350807_S38_L001.clonotypes.TRB.txt,28810
590002140808_S75_L001.clonotypes.TRB.txt,27987
770102750807_S28_L001.clonotypes.TRB.txt,53132
690000250808_S96_L001.clonotypes.TRB.txt,73177
340003670808_S16_L001.clonotypes.TRB.txt,34518
670004740101_S190_L002.clonotypes.TRB.txt,95512
250002590808_S99_L002.clonotypes.TRB.txt,27779
500003920808_S34_L001.clonotypes.TRB.txt,22361
500001200807_S74_L001.clonotypes.TRB.txt,58921
330000380808_S21_L001.clonotypes.TRB.txt,21124
520003590101_S115_L002.clonotypes.TRB.txt,66403
250002250101_S125_L002.clonotypes.TRB.txt,47969
770101970807_S12_L001.clonotypes.TRB.txt,28069
690000940807_S43_L001.clonotypes.TRB.txt,84677
770101180807_S167_L002.clonotypes.TRB.txt,25157
590002660101_S156_L002.clonotypes.TRB.txt,81789
050000920808_S86_L001.clonotypes.TRB.txt,46323
590002150101_S172_L002.clonotypes.TRB.txt,147791
780005140808_S63_L001.clonotypes.TRB.txt,7354
340003740808_S24_L001.clonotypes.TRB.txt,40708
770103620807_S41_L001.clonotypes.TRB.txt,30874
590004420101_S179_L002.clonotypes.TRB.txt,107254
460000280808_S4_L001.clonotypes.TRB.txt,37167
340003820808_S29_L001.clonotypes.TRB.txt,32092
500003940808_S50_L001.clonotypes.TRB.txt,11972
630001580807_S128_L002.clonotypes.TRB.txt,27807
330000610808_S27_L001.clonotypes.TRB.txt,81198
590002490808_S80_L001.clonotypes.TRB.txt,23843
340003690808_S19_L001.clonotypes.TRB.txt,6556
730000550101_S151_L002.clonotypes.TRB.txt,146613
540002760807_S42_L001.clonotypes.TRB.txt,67425
630002350807_S93_L001.clonotypes.TRB.txt,52391
670002100808_S125_L002.clonotypes.TRB.txt,49873
500003870101_S169_L002.clonotypes.TRB.txt,61644
580001560101_S97_L002.clonotypes.TRB.txt,48473
050003120808_S112_L002.clonotypes.TRB.txt,40205
670005140101_S158_L002.clonotypes.TRB.txt,126907
470002720808_S73_L001.clonotypes.TRB.txt,69229
460002220808_S13_L001.clonotypes.TRB.txt,49761
770102010807_S96_L002.clonotypes.TRB.txt,10927
330000390808_S24_L001.clonotypes.TRB.txt,31957
250002690101_S141_L002.clonotypes.TRB.txt,59784
500004310101_S146_L002.clonotypes.TRB.txt,67204
670004520808_S139_L002.clonotypes.TRB.txt,30206
780004020807_S91_L001.clonotypes.TRB.txt,59876
440002510808_S32_L001.clonotypes.TRB.txt,176100
520004270101_S123_L002.clonotypes.TRB.txt,34736
330002110808_S88_L001.clonotypes.TRB.txt,89305
460004470101_S129_L002.clonotypes.TRB.txt,74365
590002560808_S82_L001.clonotypes.TRB.txt,33183
670002110808_S124_L002.clonotypes.TRB.txt,30452
770104440807_S33_L001.clonotypes.TRB.txt,45436
780005260808_S66_L001.clonotypes.TRB.txt,13685
050003130808_S114_L002.clonotypes.TRB.txt,34425
730003500101_S128_L002.clonotypes.TRB.txt,101219
340003750808_S22_L001.clonotypes.TRB.txt,20210
050001340808_S85_L001.clonotypes.TRB.txt,31429
250002810808_S105_L002.clonotypes.TRB.txt,84804
670004710808_S151_L002.clonotypes.TRB.txt,22463
500003950808_S31_L001.clonotypes.TRB.txt,18115
690001150808_S16_L001.clonotypes.TRB.txt,63396
770101230807_S175_L002.clonotypes.TRB.txt,70611
440003800808_S90_L001.clonotypes.TRB.txt,37683
330000640808_S26_L001.clonotypes.TRB.txt,29167
340003700808_S18_L001.clonotypes.TRB.txt,38694
500003980101_S154_L002.clonotypes.TRB.txt,71520
460000440808_S3_L001.clonotypes.TRB.txt,31765
630001750807_S85_L001.clonotypes.TRB.txt,46135
670004820101_S174_L002.clonotypes.TRB.txt,108166
670005350101_S118_L002.clonotypes.TRB.txt,87497
590002680101_S164_L002.clonotypes.TRB.txt,94929
590002180101_S108_L002.clonotypes.TRB.txt,73050
050003450808_S118_L002.clonotypes.TRB.txt,36876
780001190807_S161_L002.clonotypes.TRB.txt,44706
690000780101_S192_L002.clonotypes.TRB.txt,150611
470002740808_S72_L001.clonotypes.TRB.txt,61974
330002970808_S80_L001.clonotypes.TRB.txt,28523
590003800808_S95_L001.clonotypes.TRB.txt,35119
670004530808_S155_L002.clonotypes.TRB.txt,30596
780005270808_S64_L001.clonotypes.TRB.txt,6597
670004890808_S153_L002.clonotypes.TRB.txt,33837
630002730807_S78_L001.clonotypes.TRB.txt,73854
670002240808_S186_L002.clonotypes.TRB.txt,48645
770102430807_S155_L002.clonotypes.TRB.txt,52183
330000430808_S28_L001.clonotypes.TRB.txt,56812
580002170101_S105_L002.clonotypes.TRB.txt,73607
520004340101_S162_L002.clonotypes.TRB.txt,33004
460002230808_S14_L001.clonotypes.TRB.txt,70310
250002710101_S157_L002.clonotypes.TRB.txt,83377
470001040807_S112_L002.clonotypes.TRB.txt,58320
730001810101_S183_L002.clonotypes.TRB.txt,133503
470000040808_S70_L001.clonotypes.TRB.txt,105157
500003960808_S30_L001.clonotypes.TRB.txt,31740
050002340101_S181_L002.clonotypes.TRB.txt,37349
520000800101_S131_L002.clonotypes.TRB.txt,74750
770000030807_S65_L001.clonotypes.TRB.txt,26419
670004730808_S145_L002.clonotypes.TRB.txt,66475
250002870808_S103_L002.clonotypes.TRB.txt,44469
340003760808_S23_L001.clonotypes.TRB.txt,58802
460001280808_S9_L001.clonotypes.TRB.txt,20321
640000110101_S160_L002.clonotypes.TRB.txt,126454
050003560808_S115_L002.clonotypes.TRB.txt,42839
670004970808_S144_L002.clonotypes.TRB.txt,34324
460000110808_S7_L001.clonotypes.TRB.txt,57304
500004190101_S138_L002.clonotypes.TRB.txt,73395
460001340101_S153_L002.clonotypes.TRB.txt,54160
670005340808_S138_L002.clonotypes.TRB.txt,32219
770101520808_S102_L002.clonotypes.TRB.txt,86093
670005150808_S177_L002.clonotypes.TRB.txt,55760
540002240808_S91_L001.clonotypes.TRB.txt,15932
590002690101_S188_L002.clonotypes.TRB.txt,55986
140000540808_S105_L002.clonotypes.TRB.txt,36125
670002290808_S184_L002.clonotypes.TRB.txt,35694
330003110808_S81_L001.clonotypes.TRB.txt,30236
470002830808_S69_L001.clonotypes.TRB.txt,32810
630003040808_S48_L001.clonotypes.TRB.txt,26824
670004910808_S149_L002.clonotypes.TRB.txt,38579
670004880101_S182_L002.clonotypes.TRB.txt,66793
780008180808_S74_L001.clonotypes.TRB.txt,43232
670001240808_S185_L002.clonotypes.TRB.txt,55427
670004590808_S173_L002.clonotypes.TRB.txt,51131
670005390101_S126_L002.clonotypes.TRB.txt,89903
670005490808_S141_L002.clonotypes.TRB.txt,40371
470001570808_S67_L001.clonotypes.TRB.txt,49926
590002090808_S77_L001.clonotypes.TRB.txt,22973
250002800101_S165_L002.clonotypes.TRB.txt,81152
590001270101_S171_L002.clonotypes.TRB.txt,57397
330000600808_S68_L001.clonotypes.TRB.txt,23844
330000440808_S20_L001.clonotypes.TRB.txt,59370
730004350101_S112_L002.clonotypes.TRB.txt,130852
630000290808_S124_L002.clonotypes.TRB.txt,29202
460002650808_S15_L001.clonotypes.TRB.txt,82055
670004770808_S146_L002.clonotypes.TRB.txt,50293
730000380101_S191_L002.clonotypes.TRB.txt,84708
630001150808_S109_L002.clonotypes.TRB.txt,41508
460000160808_S8_L001.clonotypes.TRB.txt,51482
590002210101_S109_L002.clonotypes.TRB.txt,99930
260004180808_S94_L001.clonotypes.TRB.txt,43318
330000700808_S66_L001.clonotypes.TRB.txt,39924
140000670808_S102_L002.clonotypes.TRB.txt,29637
670005360808_S163_L002.clonotypes.TRB.txt,22873
730001830101_S175_L002.clonotypes.TRB.txt,84219
630002280808_S108_L002.clonotypes.TRB.txt,18768
630001450808_S116_L002.clonotypes.TRB.txt,71117
250003110808_S100_L002.clonotypes.TRB.txt,70427
670004980808_S150_L002.clonotypes.TRB.txt,63218
460002020808_S17_L001.clonotypes.TRB.txt,66006
640000850101_S176_L002.clonotypes.TRB.txt,67856
670005540808_S17_L001.clonotypes.TRB.txt,33977
670004610808_S157_L002.clonotypes.TRB.txt,52220
670005220808_S130_L002.clonotypes.TRB.txt,42937
330000620808_S72_L001.clonotypes.TRB.txt,37452
520001620101_S170_L002.clonotypes.TRB.txt,100621
690002180808_S18_L001.clonotypes.TRB.txt,41364
670001330808_S187_L002.clonotypes.TRB.txt,29493
730000950808_S34_L001.clonotypes.TRB.txt,26873
260002830808_S80_L001.clonotypes.TRB.txt,10439
590002880101_S101_L002.clonotypes.TRB.txt,90410
730002760808_S50_L001.clonotypes.TRB.txt,29589
670004680808_S14_L001.clonotypes.TRB.txt,58400
770101710808_S79_L001.clonotypes.TRB.txt,44443
330000450808_S22_L001.clonotypes.TRB.txt,26931
670002450808_S189_L002.clonotypes.TRB.txt,82232
670005610808_S190_L002.clonotypes.TRB.txt,52505
730000400101_S104_L002.clonotypes.TRB.txt,74644
730001590808_S57_L001.clonotypes.TRB.txt,58082
670004930808_S152_L002.clonotypes.TRB.txt,72709
460000170808_S6_L001.clonotypes.TRB.txt,48691
780004640808_S77_L001.clonotypes.TRB.txt,32039
670005400101_S134_L002.clonotypes.TRB.txt,58139
470001820808_S60_L001.clonotypes.TRB.txt,83292
670004780808_S176_L002.clonotypes.TRB.txt,29783
630001240808_S112_L002.clonotypes.TRB.txt,31150
460002740808_S11_L001.clonotypes.TRB.txt,38758
630000750808_S126_L002.clonotypes.TRB.txt,44812
470002850808_S59_L001.clonotypes.TRB.txt,94774
670004670808_S168_L002.clonotypes.TRB.txt,29204
590002550101_S147_L002.clonotypes.TRB.txt,48078
330000730808_S73_L001.clonotypes.TRB.txt,46717
730003390101_S136_L002.clonotypes.TRB.txt,76122
630001500808_S118_L002.clonotypes.TRB.txt,27281
330000510808_S69_L001.clonotypes.TRB.txt,57752
670005010808_S131_L002.clonotypes.TRB.txt,32516
670004920101_S103_L002.clonotypes.TRB.txt,99304
330000630808_S74_L001.clonotypes.TRB.txt,23881
670005550808_S7_L001.clonotypes.TRB.txt,19459
670005370808_S129_L002.clonotypes.TRB.txt,62880
630002590808_S107_L002.clonotypes.TRB.txt,53560
250003530808_S98_L002.clonotypes.TRB.txt,42975
780008460808_S151_L002.clonotypes.TRB.txt,31528
670005230808_S178_L002.clonotypes.TRB.txt,30489
260002890808_S87_L001.clonotypes.TRB.txt,55413
770104400808_S60_L001.clonotypes.TRB.txt,76058
730000420808_S25_L001.clonotypes.TRB.txt,41517
730003130808_S38_L001.clonotypes.TRB.txt,34796
730000960808_S35_L001.clonotypes.TRB.txt,42849
460002030808_S16_L001.clonotypes.TRB.txt,69031
670007900808_S136_L002.clonotypes.TRB.txt,45571
730001630808_S52_L001.clonotypes.TRB.txt,34547
210001870808_S127_L002.clonotypes.TRB.txt,47318
670004790808_S16_L001.clonotypes.TRB.txt,42132
670004510808_S167_L002.clonotypes.TRB.txt,50467
670004810808_S147_L002.clonotypes.TRB.txt,59450
780004650808_S78_L001.clonotypes.TRB.txt,30369
670004700808_S154_L002.clonotypes.TRB.txt,50334
670004940808_S159_L002.clonotypes.TRB.txt,28051
520001650101_S99_L002.clonotypes.TRB.txt,57327
630000860808_S123_L002.clonotypes.TRB.txt,24984
500003560808_S51_L001.clonotypes.TRB.txt,30347
730000410101_S167_L002.clonotypes.TRB.txt,61199
630001250808_S111_L002.clonotypes.TRB.txt,36834
590004310101_S132_L002.clonotypes.TRB.txt,57626
730003400101_S144_L002.clonotypes.TRB.txt,58609
210002900808_S144_L002.clonotypes.TRB.txt,47898
330000740808_S76_L001.clonotypes.TRB.txt,32249
630001510808_S120_L002.clonotypes.TRB.txt,39564
210000500808_S161_L002.clonotypes.TRB.txt,79543
470003150808_S68_L001.clonotypes.TRB.txt,43472
330000650808_S71_L001.clonotypes.TRB.txt,29963
670002310101_S135_L002.clonotypes.TRB.txt,130286
670005640808_S8_L001.clonotypes.TRB.txt,49031
210004320808_S105_L002.clonotypes.TRB.txt,72953
260002920808_S96_L001.clonotypes.TRB.txt,14016
670005050808_S158_L002.clonotypes.TRB.txt,44322
770104420808_S61_L001.clonotypes.TRB.txt,10610
780008500808_S147_L002.clonotypes.TRB.txt,41688
550001010808_S147_L002.clonotypes.TRB.txt,71707
330000520808_S63_L001.clonotypes.TRB.txt,66126
670004830808_S143_L002.clonotypes.TRB.txt,32044
730002210808_S51_L001.clonotypes.TRB.txt,49049
670005410808_S162_L002.clonotypes.TRB.txt,59881
730003150808_S37_L001.clonotypes.TRB.txt,42839
670005280808_S161_L002.clonotypes.TRB.txt,61085
730000500808_S26_L001.clonotypes.TRB.txt,39713
670004800808_S2_L001.clonotypes.TRB.txt,29491
550001480808_S114_L002.clonotypes.TRB.txt,74435
670002260808_S15_L001.clonotypes.TRB.txt,81797
730001190808_S36_L001.clonotypes.TRB.txt,48997
550002560808_S178_L002.clonotypes.TRB.txt,60821
670004950808_S142_L002.clonotypes.TRB.txt,43940
630001340808_S113_L002.clonotypes.TRB.txt,27612
550001680808_S180_L002.clonotypes.TRB.txt,51315
550002680808_S155_L002.clonotypes.TRB.txt,66284
910000140808_S123_L002.clonotypes.TRB.txt,104761
640001950808_S61_L001.clonotypes.TRB.txt,33844
670005040101_S110_L002.clonotypes.TRB.txt,105891
640001870808_S54_L001.clonotypes.TRB.txt,102698
640003070808_S11_L001.clonotypes.TRB.txt,97793
640000470808_S21_L001.clonotypes.TRB.txt,46975
780003310808_S68_L001.clonotypes.TRB.txt,15824
630001520808_S117_L002.clonotypes.TRB.txt,80065
630000880808_S114_L002.clonotypes.TRB.txt,50018
640002380808_S17_L001.clonotypes.TRB.txt,67384
640002090808_S65_L001.clonotypes.TRB.txt,43553
330000660808_S67_L001.clonotypes.TRB.txt,19058
730002430808_S47_L001.clonotypes.TRB.txt,30867
780004990808_S148_L002.clonotypes.TRB.txt,21652
210002930808_S135_L002.clonotypes.TRB.txt,43215
640003520808_S89_L001.clonotypes.TRB.txt,45933
210000600808_S129_L002.clonotypes.TRB.txt,40043
260004160808_S93_L001.clonotypes.TRB.txt,18090
330000750808_S78_L001.clonotypes.TRB.txt,52655
670005110808_S179_L002.clonotypes.TRB.txt,25516
780008510808_S152_L002.clonotypes.TRB.txt,30180
780003330808_S44_L001.clonotypes.TRB.txt,16763
210004500808_S119_L002.clonotypes.TRB.txt,50837
670005320808_S128_L002.clonotypes.TRB.txt,24542
910000320808_S121_L002.clonotypes.TRB.txt,44321
330000540808_S65_L001.clonotypes.TRB.txt,53546
210002010808_S128_L002.clonotypes.TRB.txt,127318
550002620808_S172_L002.clonotypes.TRB.txt,68850
640003080808_S29_L001.clonotypes.TRB.txt,26984
550001850808_S122_L002.clonotypes.TRB.txt,41275
730000530808_S27_L001.clonotypes.TRB.txt,43746
730004100808_S46_L001.clonotypes.TRB.txt,48912
670005650808_S11_L001.clonotypes.TRB.txt,88112
640001880808_S62_L001.clonotypes.TRB.txt,46004
730002460808_S48_L001.clonotypes.TRB.txt,30477
670004850808_S5_L001.clonotypes.TRB.txt,45601
670005420808_S160_L002.clonotypes.TRB.txt,70898
630001430808_S125_L002.clonotypes.TRB.txt,34608
670004960808_S165_L002.clonotypes.TRB.txt,32665
780003930808_S76_L001.clonotypes.TRB.txt,14429
550001080808_S146_L002.clonotypes.TRB.txt,84070
780005230808_S131_L002.clonotypes.TRB.txt,7853
670004580101_S111_L002.clonotypes.TRB.txt,89280
640001980808_S85_L001.clonotypes.TRB.txt,34126
550002690808_S132_L002.clonotypes.TRB.txt,71628
670004540808_S9_L001.clonotypes.TRB.txt,63635
640001680808_S14_L001.clonotypes.TRB.txt,25385
730001460808_S53_L001.clonotypes.TRB.txt,77005
210003070808_S84_L001.clonotypes.TRB.txt,46262
330000680808_S64_L001.clonotypes.TRB.txt,22738
630001110808_S115_L002.clonotypes.TRB.txt,33436
780003480808_S43_L001.clonotypes.TRB.txt,27694
640003580808_S34_L001.clonotypes.TRB.txt,30484
780008550808_S150_L002.clonotypes.TRB.txt,31176
910003810808_S120_L002.clonotypes.TRB.txt,39786
640002700808_S73_L001.clonotypes.TRB.txt,57569
330000800808_S62_L001.clonotypes.TRB.txt,42189
730002480808_S49_L001.clonotypes.TRB.txt,26781
210001500808_S145_L002.clonotypes.TRB.txt,41660
670005330808_S126_L002.clonotypes.TRB.txt,18225
330000560808_S77_L001.clonotypes.TRB.txt,27794
340003480808_S131_L002.clonotypes.TRB.txt,16132
550002640808_S171_L002.clonotypes.TRB.txt,57387
550001560808_S154_L002.clonotypes.TRB.txt,93464
670005130808_S175_L002.clonotypes.TRB.txt,54339
630001530808_S119_L002.clonotypes.TRB.txt,99938
670005460808_S137_L002.clonotypes.TRB.txt,46654
640002180808_S33_L001.clonotypes.TRB.txt,118750
780003510808_S92_L001.clonotypes.TRB.txt,11882
640001890808_S70_L001.clonotypes.TRB.txt,48853
640001990808_S93_L001.clonotypes.TRB.txt,15328
640003090808_S5_L001.clonotypes.TRB.txt,99601
730004360808_S39_L001.clonotypes.TRB.txt,65553
670005680808_S3_L001.clonotypes.TRB.txt,30283
630001440808_S121_L002.clonotypes.TRB.txt,48847
210003260808_S137_L002.clonotypes.TRB.txt,41871
730000540808_S29_L001.clonotypes.TRB.txt,57555
780004090808_S60_L001.clonotypes.TRB.txt,18879
670004870808_S12_L001.clonotypes.TRB.txt,38811
780005290808_S130_L002.clonotypes.TRB.txt,29645
670004550808_S6_L001.clonotypes.TRB.txt,68246
210002120808_S169_L002.clonotypes.TRB.txt,58277
550002710808_S185_L002.clonotypes.TRB.txt,65027
550002130808_S107_L002.clonotypes.TRB.txt,85210
640001690808_S22_L001.clonotypes.TRB.txt,27804
330000590808_S70_L001.clonotypes.TRB.txt,29942
550001180808_S115_L002.clonotypes.TRB.txt,38117
210001740808_S153_L002.clonotypes.TRB.txt,43896
210000460808_S175_L002.clonotypes.TRB.txt,76620
730001480808_S54_L001.clonotypes.TRB.txt,47240
780003520808_S12_L001.clonotypes.TRB.txt,31929
210003310808_S112_L002.clonotypes.TRB.txt,25127
550002650808_S108_L002.clonotypes.TRB.txt,81169
330000860808_S75_L001.clonotypes.TRB.txt,35467
630001140808_S110_L002.clonotypes.TRB.txt,59301
760000320808_S106_L002.clonotypes.TRB.txt,41916
550001590808_S179_L002.clonotypes.TRB.txt,30618
640003600808_S42_L001.clonotypes.TRB.txt,67382
730000910808_S33_L001.clonotypes.TRB.txt,42056
550003260808_S186_L002.clonotypes.TRB.txt,27788
670004600808_S13_L001.clonotypes.TRB.txt,33520
630001930808_S122_L002.clonotypes.TRB.txt,51539
550002140808_S123_L002.clonotypes.TRB.txt,22348
640003130808_S90_L001.clonotypes.TRB.txt,26267
640001910808_S37_L001.clonotypes.TRB.txt,56537
640002210808_S15_L001.clonotypes.TRB.txt,89805
670005710808_S4_L001.clonotypes.TRB.txt,15429
640002710808_S94_L001.clonotypes.TRB.txt,111720
640002010808_S78_L001.clonotypes.TRB.txt,95436
550000660808_S156_L002.clonotypes.TRB.txt,78879
780003890808_S35_L001.clonotypes.TRB.txt,8370
210000470808_S143_L002.clonotypes.TRB.txt,45616
670004990808_S10_L001.clonotypes.TRB.txt,82573
210001750808_S111_L002.clonotypes.TRB.txt,67781
640001780808_S30_L001.clonotypes.TRB.txt,62200
730001500808_S55_L001.clonotypes.TRB.txt,55175
580001990808_S59_L001.clonotypes.TRB.txt,24824
550001240808_S130_L002.clonotypes.TRB.txt,60132
550002660808_S124_L002.clonotypes.TRB.txt,59589
210002410808_S177_L002.clonotypes.TRB.txt,128369
550002480808_S170_L002.clonotypes.TRB.txt,33840
640001920808_S45_L001.clonotypes.TRB.txt,38215
640003430808_S50_L001.clonotypes.TRB.txt,47531
210004070808_S121_L002.clonotypes.TRB.txt,97319
550001610808_S148_L002.clonotypes.TRB.txt,81379
730003910808_S67_L001.clonotypes.TRB.txt,79143
640002220808_S31_L001.clonotypes.TRB.txt,64405
550000710808_S139_L002.clonotypes.TRB.txt,58813
640002020808_S39_L001.clonotypes.TRB.txt,75271
640000210808_S13_L001.clonotypes.TRB.txt,27887
640002890808_S49_L001.clonotypes.TRB.txt,102975
550002670808_S116_L002.clonotypes.TRB.txt,49518
210002440808_S113_L002.clonotypes.TRB.txt,55910
640001850808_S38_L001.clonotypes.TRB.txt,78124
780002150808_S52_L001.clonotypes.TRB.txt,19251
640001930808_S53_L001.clonotypes.TRB.txt,63311
640003490808_S58_L001.clonotypes.TRB.txt,82764
550001640808_S140_L002.clonotypes.TRB.txt,63371
550002510808_S162_L002.clonotypes.TRB.txt,85381
210001800808_S136_L002.clonotypes.TRB.txt,137859
550001250808_S164_L002.clonotypes.TRB.txt,140203
640002280808_S25_L001.clonotypes.TRB.txt,88733
780003220808_S28_L001.clonotypes.TRB.txt,20358
640002070808_S176_L002.clonotypes.TRB.txt,72010
640001860808_S46_L001.clonotypes.TRB.txt,53479
550000750808_S138_L002.clonotypes.TRB.txt,105376
640002910808_S86_L001.clonotypes.TRB.txt,81320
210002850808_S120_L002.clonotypes.TRB.txt,93594
550001450808_S163_L002.clonotypes.TRB.txt,23696
640002310808_S7_L001.clonotypes.TRB.txt,52303
550001670808_S187_L002.clonotypes.TRB.txt,104307
640002920808_S23_L001.clonotypes.TRB.txt,46493
